Strategy,Price,PickupMin,PickupKm,PickupAddr,DropoffMin,DropoffKm,DropoffAddr
1,94.89,3,3.77,"Łazienki Królewskie",10,7.56,"ul. Twarda 18"
1,49.88,3,2.33,"Wilanów",16,12.14,"Metro Politechnika"
1,90.36,3,2.84,"Rondo ONZ 1",23,12.25,"Blue City"
4,115.04,18,14.24,"ul. Emilii Plater 28",59,52.29,"Lotnisko Chopina Terminal A"
1,96.40,2,1.94,"ul. Świętokrzyska 30",26,5.61,"Pałac Kultury"
2,23.89,7,3.39,"Metro Rondo Daszyńskiego",40,18.74,"ul. Mokotowska 45"
1,126.69,5,1.17,"Metro Politechnika",16,13.96,"Centrum Nauki Kopernik"
4,95.32,11,10.49,"ul. Hoża 40",84,69.82,"Blue City"
2,33.50,3,2.42,"Dworzec Centralny",26,9.53,"ul. Wilcza 30"
2,44.26,6,2.09,"Muzeum Powstania Warszawskiego",39,11.26,"Westfield Mokotów"
4,170.93,10,9.44,"Dworzec Zachodni",78,45.90,"ul. Wilcza 30"
2,22.21,3,2.10,"Metro Kabaty",34,16.38,"Dworzec Centralny"
1,41.43,3,1.84,"ul. Mokotowska 45",18,6.52,"ul. Targowa 25"
4,180.60,16,12.57,"Łazienki Królewskie",45,50.38,"Dworzec Centralny"
1,69.90,3,3.33,"ul. Twarda 18",16,15.35,"Dworzec Zachodni"
3,18.96,3,2.20,"Centrum Nauki Kopernik",5,2.89,"Dworzec Gdański"
4,150.54,16,15.13,"Złote Tarasy",60,66.99,"Dworzec Gdański"
4,179.75,15,9.44,"Metro Świętokrzyska",69,72.53,"Westfield Mokotów"
1,111.73,1,3.05,"Arkadia",29,9.49,"Al. Jana Pawła II 22"
2,47.83,5,5.71,"Metro Młociny",33,13.64,"Rondo ONZ 1"
1,48.52,3,3.15,"Rynek Starego Miasta",18,15.52,"Dworzec Centralny"
3,18.04,3,2.90,"Plac Zamkowy",5,5.06,"ul. Wilcza 30"
2,24.19,7,5.33,"Galeria Północna",20,12.91,"Wilanów"
1,112.84,4,1.26,"ul. Grójecka 50",21,15.58,"ul. Marszałkowska 1"
4,125.52,13,13.03,"ul. Mokotowska 45",75,48.39,"ul. Krakowskie Przedmieście 5"
2,28.25,5,5.52,"Muzeum Powstania Warszawskiego",31,12.64,"Dworzec Centralny"
1,131.39,4,3.60,"Promenada",15,15.99,"Dworzec Centralny"
2,34.22,4,3.76,"Metro Świętokrzyska",16,17.73,"ul. Targowa 25"
3,16.09,2,0.82,"ul. Mokotowska 45",10,3.44,"Metro Młociny"
2,26.13,7,4.93,"Plac Teatralny",22,12.33,"ul. Hoża 40"
1,135.59,1,2.58,"Al. Jana Pawła II 22",24,6.71,"Blue City"
1,101.15,2,2.68,"Stadion Narodowy",19,13.29,"Łazienki Królewskie"
4,181.84,16,14.94,"Metro Młociny",87,55.83,"ul. Grójecka 50"
3,15.35,2,1.33,"Plac Zbawiciela",10,2.58,"Metro Rondo Daszyńskiego"
1,147.58,2,1.60,"Centrum Nauki Kopernik",15,7.56,"Biblioteka Uniwersytecka"
3,13.41,1,2.81,"ul. Nowy Świat 20",11,4.42,"Metro Politechnika"
4,99.86,16,13.09,"ul. Mokotowska 45",84,80.21,"Rynek Starego Miasta"
3,12.72,2,0.24,"ul. Krakowskie Przedmieście 5",12,2.90,"Wilanów"
3,14.16,1,2.34,"Blue City",5,3.26,"Plac Piłsudskiego"
3,12.70,2,0.45,"Stadion Narodowy",12,2.30,"Plac Teatralny"
2,22.88,2,5.62,"Plac Piłsudskiego",35,13.00,"Al. Jana Pawła II 22"
2,20.08,7,1.55,"Plac Zbawiciela",35,12.73,"ul. Mokotowska 45"
4,184.47,13,10.59,"Centrum Nauki Kopernik",52,64.15,"Promenada"
2,30.66,2,5.94,"ul. Krakowskie Przedmieście 5",28,10.07,"Westfield Mokotów"
1,56.67,5,3.08,"Dworzec Zachodni",19,6.25,"Plac Zamkowy"
1,124.96,4,2.87,"ul. Nowy Świat 20",21,7.92,"Metro Rondo Daszyńskiego"
4,182.68,10,10.22,"ul. Hoża 40",68,41.69,"Metro Kabaty"
2,23.86,5,1.81,"Metro Młociny",24,18.55,"ul. Chmielna 15"
1,145.32,4,2.10,"Centrum Nauki Kopernik",17,12.24,"Al. Niepodległości 120"
1,128.36,5,1.71,"Złote Tarasy",30,14.70,"Plac Zbawiciela"
3,12.39,1,1.63,"ul. Emilii Plater 28",10,4.43,"Metro Centrum"
4,135.80,11,8.93,"Lotnisko Chopina Terminal A",62,30.71,"Pałac Kultury"
4,115.53,11,13.75,"ul. Twarda 18",86,60.92,"Metro Rondo Daszyńskiego"
3,18.37,1,0.44,"Plac Zbawiciela",7,3.03,"ul. Grójecka 50"
2,36.79,6,2.24,"Łazienki Królewskie",29,9.85,"Metro Świętokrzyska"
4,141.86,13,15.52,"Stadion Narodowy",72,42.18,"ul. Świętokrzyska 30"
2,23.56,5,1.84,"Metro Młociny",27,20.98,"Dworzec Centralny"
3,17.25,1,1.70,"Złote Tarasy",7,4.81,"Metro Politechnika"
2,30.71,4,4.82,"Łazienki Królewskie",30,10.63,"Promenada"
3,12.77,1,1.42,"ul. Nowy Świat 20",10,4.40,"Stadion Narodowy"
1,72.18,5,3.33,"Plac Piłsudskiego",13,9.60,"ul. Krakowskie Przedmieście 5"
1,46.79,5,3.08,"Łazienki Królewskie",18,15.33,"Metro Politechnika"
1,149.67,4,3.98,"Muzeum Powstania Warszawskiego",12,5.86,"Plac Piłsudskiego"
3,11.38,1,2.44,"Promenada",10,4.90,"ul. Targowa 25"
2,42.43,3,3.90,"Metro Rondo Daszyńskiego",34,13.72,"Al. Jana Pawła II 22"
2,31.21,2,3.41,"Galeria Północna",29,16.96,"ul. Wilcza 30"
4,83.10,19,8.90,"Lotnisko Chopina Terminal A",56,66.18,"ul. Mokotowska 45"
1,147.42,2,1.41,"ul. Mokotowska 45",27,10.85,"ul. Targowa 25"
4,178.25,17,15.28,"Centrum Nauki Kopernik",53,37.37,"ul. Marszałkowska 1"
3,18.67,1,1.02,"Rynek Starego Miasta",6,2.99,"ul. Chmielna 15"
2,29.43,4,4.46,"Arkadia",29,13.26,"Metro Centrum"
1,85.24,3,1.23,"ul. Marszałkowska 1",18,5.21,"ul. Grójecka 50"
3,12.39,1,2.33,"Galeria Północna",7,2.19,"ul. Senatorska 10"
3,17.99,1,2.93,"Wilanów",6,4.46,"Westfield Mokotów"
2,27.50,6,3.51,"Plac Teatralny",39,12.12,"ul. Wilcza 30"
2,37.46,2,5.08,"ul. Twarda 18",36,8.59,"Centrum Nauki Kopernik"
1,81.51,2,3.27,"ul. Puławska 100",22,7.40,"Dworzec Zachodni"
4,143.15,16,14.50,"Plac Zamkowy",86,51.21,"Promenada"
3,16.90,1,1.83,"Lotnisko Chopina Terminal A",10,4.90,"Metro Kabaty"
2,43.46,7,4.98,"Pałac Kultury",15,19.97,"ul. Krakowskie Przedmieście 5"
1,102.02,4,1.43,"ul. Wilcza 30",25,13.31,"ul. Domaniewska 50"
4,106.73,15,12.46,"Plac Teatralny",46,45.70,"ul. Poznańska 12"
3,10.58,1,2.37,"ul. Wilcza 30",11,4.82,"ul. Świętokrzyska 30"
3,12.96,3,1.80,"Centrum Nauki Kopernik",7,5.25,"ul. Poznańska 12"
2,20.92,5,5.94,"Rynek Starego Miasta",35,8.54,"ul. Hoża 40"
3,16.99,3,2.27,"ul. Wilcza 30",6,3.76,"ul. Senatorska 10"
3,11.45,1,2.17,"ul. Mokotowska 45",8,5.11,"Galeria Północna"
1,123.11,1,1.01,"ul. Chmielna 15",18,10.76,"Plac Teatralny"
4,123.46,16,13.69,"ul. Twarda 18",65,60.36,"ul. Puławska 100"
1,97.46,4,3.20,"Wilanów",20,8.01,"Westfield Mokotów"
2,49.55,5,5.81,"ul. Marszałkowska 1",34,18.52,"Dworzec Wschodni"
2,25.98,5,1.78,"Dworzec Zachodni",35,8.66,"Plac Teatralny"
4,141.60,18,15.28,"Plac Piłsudskiego",85,75.73,"ul. Krakowskie Przedmieście 5"
2,22.41,3,2.88,"ul. Chmielna 15",22,16.22,"ul. Mokotowska 45"
4,178.06,19,11.86,"Metro Młociny",56,32.75,"Pałac Kultury"
4,172.66,16,15.17,"ul. Wilcza 30",87,57.17,"Westfield Mokotów"
2,50.05,7,2.50,"ul. Targowa 25",39,13.07,"ul. Grójecka 50"
4,88.13,13,8.49,"Metro Kabaty",52,56.02,"Galeria Północna"
3,11.47,3,0.13,"ul. Świętokrzyska 30",11,4.47,"Metro Politechnika"
2,47.11,4,4.74,"Metro Politechnika",16,15.72,"Metro Rondo Daszyńskiego"
3,10.70,2,2.96,"Westfield Mokotów",11,5.12,"Rynek Starego Miasta"
4,144.27,17,15.47,"ul. Mokotowska 45",69,44.67,"Plac Zamkowy"
1,56.80,1,1.26,"Centrum Nauki Kopernik",10,9.33,"ul. Chmielna 15"
3,17.80,2,2.39,"ul. Świętokrzyska 30",8,3.95,"Galeria Północna"
4,138.49,15,11.88,"ul. Emilii Plater 28",47,62.87,"ul. Chmielna 15"
1,82.81,4,2.19,"Złote Tarasy",14,6.37,"Plac Piłsudskiego"
2,36.54,7,4.92,"Muzeum Powstania Warszawskiego",26,9.01,"Biblioteka Uniwersytecka"
4,101.11,15,15.59,"Metro Rondo Daszyńskiego",56,46.45,"Muzeum Powstania Warszawskiego"
3,18.94,3,1.90,"Dworzec Wschodni",6,5.18,"Plac Teatralny"
1,146.13,4,1.89,"ul. Domaniewska 50",23,5.60,"Metro Młociny"
1,119.28,5,1.80,"ul. Puławska 100",18,7.25,"Dworzec Wschodni"
2,26.84,3,2.41,"Metro Kabaty",15,14.50,"Pałac Kultury"
2,44.04,5,2.88,"Metro Młociny",24,15.40,"Al. Niepodległości 120"
1,128.66,3,2.05,"Plac Zamkowy",17,13.52,"Metro Świętokrzyska"
3,10.01,2,2.19,"Wilanów",12,3.62,"Lotnisko Chopina Terminal A"
3,10.74,3,1.90,"Plac Zamkowy",12,2.66,"Rondo ONZ 1"
2,34.29,3,2.98,"Plac Piłsudskiego",17,15.10,"Al. Jerozolimskie 65"
3,10.20,2,0.23,"ul. Mokotowska 45",8,5.98,"Centrum Nauki Kopernik"
4,84.96,12,13.60,"Al. Jana Pawła II 22",49,46.72,"ul. Poznańska 12"
3,14.25,1,1.74,"ul. Targowa 25",8,4.37,"Dworzec Wschodni"
1,88.76,2,1.49,"Metro Politechnika",23,7.98,"Metro Kabaty"
3,11.81,1,0.54,"Plac Zbawiciela",8,3.05,"Biblioteka Uniwersytecka"
1,104.53,1,2.93,"Plac Zbawiciela",13,5.86,"ul. Senatorska 10"
1,140.67,2,3.79,"ul. Poznańska 12",20,13.88,"ul. Targowa 25"
3,12.97,3,2.59,"Al. Jerozolimskie 65",12,4.15,"Pałac Kultury"
4,89.23,15,8.15,"ul. Mokotowska 45",64,55.12,"ul. Krakowskie Przedmieście 5"
3,12.22,1,0.35,"ul. Marszałkowska 1",11,4.06,"Metro Centrum"
3,13.05,2,2.42,"ul. Marszałkowska 1",5,5.54,"ul. Nowy Świat 20"
1,63.79,1,2.05,"Al. Niepodległości 120",26,8.68,"Metro Politechnika"
2,48.44,7,4.30,"Stadion Narodowy",31,17.80,"Rondo ONZ 1"
1,82.34,1,2.62,"Arkadia",30,7.85,"ul. Senatorska 10"
1,73.97,3,2.45,"Dworzec Zachodni",29,15.84,"Plac Piłsudskiego"
4,145.84,17,12.52,"Wilanów",76,75.09,"ul. Twarda 18"
1,141.80,5,3.63,"Metro Politechnika",19,11.53,"Muzeum Powstania Warszawskiego"
3,15.65,3,2.94,"Dworzec Gdański",11,4.43,"Metro Rondo Daszyńskiego"
3,13.77,1,2.09,"Stadion Narodowy",9,3.71,"Arkadia"
4,129.04,12,10.52,"ul. Mokotowska 45",52,49.20,"Dworzec Wschodni"
4,160.37,12,12.34,"ul. Grójecka 50",71,73.58,"Stadion Narodowy"
4,120.45,12,13.63,"Metro Politechnika",58,44.47,"ul. Emilii Plater 28"
4,144.56,10,10.27,"Promenada",76,69.46,"Metro Młociny"
2,23.83,7,3.30,"Rondo ONZ 1",23,12.53,"Metro Młociny"
4,155.54,10,12.86,"ul. Krakowskie Przedmieście 5",68,43.91,"Złote Tarasy"
3,10.85,1,0.11,"Pałac Kultury",5,2.10,"Metro Kabaty"
4,107.58,19,11.47,"Westfield Mokotów",89,48.00,"Arkadia"
1,112.91,3,3.24,"Al. Jerozolimskie 65",25,9.70,"Al. Jana Pawła II 22"
2,24.14,3,1.56,"Plac Zamkowy",38,8.33,"Metro Rondo Daszyńskiego"
1,139.67,5,3.55,"Arkadia",25,12.62,"Plac Zamkowy"
3,11.67,1,1.63,"ul. Mokotowska 45",11,3.10,"ul. Emilii Plater 28"
4,133.96,14,11.01,"Muzeum Powstania Warszawskiego",60,76.88,"ul. Mokotowska 45"
3,16.26,1,0.63,"ul. Nowy Świat 20",10,5.14,"ul. Krakowskie Przedmieście 5"
3,16.90,3,0.17,"Plac Zamkowy",12,4.86,"ul. Marszałkowska 1"
3,14.61,2,1.24,"Plac Teatralny",11,2.63,"Wilanów"
3,13.95,2,1.93,"ul. Chmielna 15",12,5.21,"Złote Tarasy"
3,16.56,1,0.18,"Plac Zamkowy",5,2.08,"Dworzec Zachodni"
3,16.36,1,1.02,"Rynek Starego Miasta",8,3.20,"ul. Domaniewska 50"
2,27.07,3,4.58,"ul. Emilii Plater 28",26,14.62,"ul. Chmielna 15"
3,18.06,3,2.28,"Lotnisko Chopina Terminal A",5,5.44,"ul. Grójecka 50"
3,11.14,1,2.32,"Plac Teatralny",6,5.72,"Stadion Narodowy"
2,33.14,7,2.43,"Plac Piłsudskiego",34,16.19,"ul. Świętokrzyska 30"
4,153.47,12,13.87,"Al. Jerozolimskie 65",60,69.45,"ul. Świętokrzyska 30"
2,43.47,7,2.04,"ul. Puławska 100",35,8.42,"Metro Politechnika"
3,11.76,1,2.27,"Al. Niepodległości 120",11,5.99,"Pałac Kultury"
4,99.96,10,13.47,"Metro Kabaty",64,58.51,"Arkadia"
1,149.83,4,1.91,"ul. Emilii Plater 28",11,10.51,"ul. Grójecka 50"
1,125.38,4,3.80,"Galeria Północna",12,9.58,"Metro Młociny"
2,26.25,2,5.23,"Rynek Starego Miasta",37,8.15,"Metro Politechnika"
1,92.91,2,2.13,"Pałac Kultury",11,5.33,"Metro Młociny"
4,174.81,15,8.96,"Dworzec Centralny",45,70.60,"ul. Marszałkowska 1"
4,99.46,14,13.74,"ul. Nowy Świat 20",73,33.82,"Rondo ONZ 1"
3,11.65,3,0.35,"Arkadia",9,2.28,"Metro Politechnika"
2,49.91,7,1.86,"Westfield Mokotów",30,10.41,"Al. Jerozolimskie 65"
1,68.72,5,2.53,"Westfield Mokotów",23,14.09,"ul. Targowa 25"
2,20.57,4,3.73,"Metro Świętokrzyska",27,9.25,"Dworzec Zachodni"
3,12.14,1,2.09,"Stadion Narodowy",9,3.13,"ul. Twarda 18"
2,34.47,5,3.71,"Złote Tarasy",39,12.26,"Galeria Północna"
4,126.06,20,13.12,"Metro Młociny",90,47.51,"ul. Krakowskie Przedmieście 5"
4,177.55,10,15.21,"Plac Piłsudskiego",82,61.57,"ul. Chmielna 15"
2,43.17,2,3.82,"Dworzec Wschodni",24,11.98,"Dworzec Zachodni"
4,141.47,16,12.41,"ul. Targowa 25",53,36.42,"ul. Hoża 40"
4,95.42,11,9.12,"Łazienki Królewskie",89,58.52,"ul. Emilii Plater 28"
3,12.72,1,1.74,"ul. Senatorska 10",5,3.05,"Metro Świętokrzyska"
1,115.42,2,2.83,"ul. Świętokrzyska 30",30,9.60,"Promenada"
2,44.23,4,4.84,"Al. Jerozolimskie 65",36,14.27,"Metro Świętokrzyska"
4,128.90,20,12.49,"ul. Puławska 100",67,42.98,"Plac Zamkowy"
4,129.73,11,13.93,"Al. Niepodległości 120",88,31.57,"Wilanów"
4,143.56,17,8.65,"ul. Wilcza 30",82,67.62,"ul. Domaniewska 50"
4,189.43,18,8.83,"ul. Targowa 25",61,60.33,"Plac Zbawiciela"
4,188.41,20,13.37,"Metro Centrum",69,64.18,"ul. Nowy Świat 20"
1,53.58,4,1.66,"ul. Emilii Plater 28",16,12.74,"Metro Świętokrzyska"
2,29.25,4,2.01,"Plac Zamkowy",17,18.06,"ul. Chmielna 15"
2,33.00,2,3.70,"Plac Zbawiciela",22,9.74,"Rynek Starego Miasta"
2,41.11,4,4.28,"Stadion Narodowy",37,10.24,"Centrum Nauki Kopernik"
1,58.95,4,2.15,"Al. Jerozolimskie 65",12,11.55,"Plac Zamkowy"
2,43.91,6,3.70,"ul. Twarda 18",35,12.48,"Al. Jerozolimskie 65"
3,15.84,1,2.50,"Rondo ONZ 1",7,3.41,"ul. Chmielna 15"
4,86.04,18,9.28,"Rynek Starego Miasta",75,60.61,"Dworzec Centralny"
3,18.93,3,2.82,"Łazienki Królewskie",8,3.97,"Arkadia"
4,102.46,11,11.42,"Lotnisko Chopina Terminal A",75,44.55,"Stadion Narodowy"
1,58.79,2,3.22,"Lotnisko Chopina Terminal A",26,7.16,"ul. Nowy Świat 20"
3,17.76,2,1.12,"Promenada",12,4.02,"ul. Poznańska 12"
3,17.08,1,0.80,"ul. Chmielna 15",12,2.29,"Plac Piłsudskiego"
1,120.31,3,3.37,"ul. Wilcza 30",12,15.88,"Łazienki Królewskie"
2,48.24,2,5.79,"Galeria Północna",35,8.07,"ul. Puławska 100"
2,47.12,6,3.47,"Rondo ONZ 1",39,8.15,"Westfield Mokotów"
2,35.91,3,5.66,"Blue City",22,16.48,"Metro Świętokrzyska"
1,80.64,5,3.85,"Plac Zamkowy",17,11.32,"Metro Politechnika"
1,76.63,3,3.30,"Plac Zamkowy",23,8.55,"Centrum Nauki Kopernik"
1,45.93,3,2.01,"Złote Tarasy",15,13.14,"Plac Piłsudskiego"
3,11.66,2,0.49,"ul. Poznańska 12",10,3.10,"ul. Chmielna 15"
4,114.68,10,15.67,"ul. Domaniewska 50",72,80.63,"ul. Poznańska 12"
1,72.00,3,1.30,"Dworzec Centralny",26,13.42,"Centrum Nauki Kopernik"
4,122.12,20,15.38,"Biblioteka Uniwersytecka",51,34.85,"Promenada"
3,14.78,2,1.28,"Arkadia",11,5.10,"Stadion Narodowy"
2,37.24,5,4.98,"Plac Zamkowy",22,17.13,"Metro Rondo Daszyńskiego"
4,184.15,17,11.29,"Łazienki Królewskie",56,64.91,"Dworzec Centralny"
3,14.39,2,0.11,"ul. Poznańska 12",11,3.18,"Metro Politechnika"
3,12.43,3,1.27,"Metro Rondo Daszyńskiego",7,4.32,"Dworzec Wschodni"
3,10.94,1,2.86,"Dworzec Centralny",11,3.81,"Galeria Północna"
4,186.69,20,8.67,"Metro Świętokrzyska",85,70.48,"ul. Targowa 25"
3,15.81,3,1.72,"Plac Zamkowy",5,3.37,"Blue City"
4,184.16,17,14.79,"Łazienki Królewskie",82,52.34,"ul. Senatorska 10"
4,134.79,20,13.88,"Plac Piłsudskiego",50,33.51,"Biblioteka Uniwersytecka"
3,11.07,2,0.27,"ul. Wilcza 30",11,3.21,"ul. Mokotowska 45"
4,133.03,13,8.78,"Metro Świętokrzyska",86,59.15,"ul. Domaniewska 50"
4,178.67,13,14.43,"ul. Puławska 100",59,60.38,"Galeria Północna"
1,50.06,2,2.14,"ul. Grójecka 50",15,9.23,"Metro Świętokrzyska"
2,32.67,6,3.52,"ul. Krakowskie Przedmieście 5",23,10.54,"ul. Wilcza 30"
2,47.89,5,1.78,"Plac Zbawiciela",29,10.97,"Plac Zamkowy"
1,109.08,1,2.82,"Blue City",14,13.31,"ul. Chmielna 15"
3,17.60,3,0.65,"Biblioteka Uniwersytecka",8,4.69,"ul. Mokotowska 45"
3,10.73,3,1.85,"ul. Świętokrzyska 30",12,5.14,"Rynek Starego Miasta"
3,14.87,1,0.55,"Al. Jana Pawła II 22",10,4.29,"Plac Piłsudskiego"
4,90.73,11,8.51,"Plac Teatralny",73,48.73,"Dworzec Centralny"
1,52.38,4,3.21,"Arkadia",23,5.37,"Dworzec Zachodni"
1,60.33,3,2.37,"Promenada",19,13.24,"Al. Jana Pawła II 22"
4,88.97,10,13.25,"Dworzec Centralny",45,66.69,"Metro Świętokrzyska"
2,47.20,4,3.41,"Plac Piłsudskiego",25,13.35,"Dworzec Zachodni"
4,166.59,12,8.01,"Lotnisko Chopina Terminal A",63,80.80,"Stadion Narodowy"
2,28.44,7,1.47,"Centrum Nauki Kopernik",16,13.63,"Al. Jerozolimskie 65"
2,35.88,3,3.85,"Lotnisko Chopina Terminal A",19,18.34,"Plac Piłsudskiego"
3,10.40,1,0.14,"Wilanów",10,5.75,"ul. Hoża 40"
3,13.93,3,0.53,"ul. Marszałkowska 1",11,5.77,"Rondo ONZ 1"
1,70.63,3,1.66,"ul. Marszałkowska 1",24,12.29,"Promenada"
4,171.89,15,14.70,"ul. Krakowskie Przedmieście 5",88,53.43,"Blue City"
1,133.95,3,3.30,"Blue City",17,6.64,"Dworzec Centralny"
3,11.17,2,0.12,"ul. Poznańska 12",9,4.63,"Metro Politechnika"
2,33.17,4,2.57,"ul. Mokotowska 45",32,14.81,"Metro Rondo Daszyńskiego"
1,47.17,2,1.78,"Dworzec Gdański",17,10.05,"Al. Jerozolimskie 65"
1,110.86,3,2.55,"Wilanów",23,10.19,"Al. Jana Pawła II 22"
2,23.85,5,1.65,"Westfield Mokotów",25,19.93,"ul. Puławska 100"
4,166.81,10,14.38,"Blue City",64,48.70,"ul. Hoża 40"
4,142.35,14,13.01,"ul. Świętokrzyska 30",73,49.52,"Dworzec Centralny"
2,21.66,5,5.19,"ul. Targowa 25",32,11.49,"Pałac Kultury"
1,48.26,3,2.81,"Metro Rondo Daszyńskiego",18,14.16,"ul. Senatorska 10"
3,12.90,3,0.02,"ul. Domaniewska 50",10,2.96,"Wilanów"
4,200.08,10,9.33,"Centrum Nauki Kopernik",71,71.64,"Al. Jerozolimskie 65"
4,123.48,12,13.85,"Metro Świętokrzyska",68,43.03,"Złote Tarasy"
1,110.14,5,2.02,"Wilanów",27,7.28,"Galeria Północna"
1,122.56,1,2.82,"Łazienki Królewskie",22,11.37,"Galeria Północna"
4,115.28,15,11.21,"ul. Chmielna 15",62,44.90,"Muzeum Powstania Warszawskiego"
4,112.76,12,11.51,"Plac Zamkowy",70,46.24,"Łazienki Królewskie"
1,53.84,3,1.86,"Złote Tarasy",24,11.40,"ul. Mokotowska 45"
1,124.65,2,1.69,"Muzeum Powstania Warszawskiego",27,9.67,"ul. Krakowskie Przedmieście 5"
3,16.22,1,2.59,"Złote Tarasy",6,5.46,"ul. Mokotowska 45"
3,13.63,1,0.27,"Metro Rondo Daszyńskiego",12,3.76,"ul. Chmielna 15"
2,42.19,3,1.99,"ul. Krakowskie Przedmieście 5",22,11.00,"ul. Świętokrzyska 30"
3,16.94,3,0.37,"Wilanów",10,2.93,"Muzeum Powstania Warszawskiego"
1,124.33,4,3.63,"Plac Teatralny",29,6.14,"ul. Mokotowska 45"
2,46.70,6,5.93,"Dworzec Gdański",26,14.98,"Metro Kabaty"
1,89.71,5,3.25,"Plac Teatralny",13,15.51,"Rondo ONZ 1"
2,46.96,7,2.01,"Muzeum Powstania Warszawskiego",20,19.12,"Plac Zbawiciela"
4,115.68,19,8.05,"ul. Targowa 25",83,43.23,"Blue City"
2,43.29,3,1.16,"ul. Chmielna 15",32,16.36,"Metro Politechnika"
4,112.93,17,9.09,"ul. Grójecka 50",77,36.37,"Galeria Północna"
2,38.79,7,3.54,"Plac Piłsudskiego",36,11.48,"ul. Emilii Plater 28"
1,112.62,5,3.34,"Al. Jerozolimskie 65",14,6.77,"Metro Politechnika"
4,198.16,16,8.43,"Stadion Narodowy",59,44.37,"Galeria Północna"
4,121.31,10,11.47,"Dworzec Centralny",89,46.13,"Muzeum Powstania Warszawskiego"
2,41.47,7,2.99,"Lotnisko Chopina Terminal A",24,14.25,"Wilanów"
1,95.75,2,2.98,"Galeria Północna",20,11.46,"Wilanów"
2,24.19,2,5.31,"ul. Twarda 18",20,19.45,"Rondo ONZ 1"
4,130.63,15,11.69,"ul. Hoża 40",51,80.13,"Złote Tarasy"
4,197.51,19,13.49,"ul. Wilcza 30",70,32.60,"Plac Zbawiciela"
3,12.45,1,1.13,"ul. Domaniewska 50",12,3.76,"Pałac Kultury"
2,31.68,7,5.74,"Dworzec Gdański",21,9.45,"ul. Poznańska 12"
1,144.71,3,3.19,"ul. Hoża 40",17,12.27,"Biblioteka Uniwersytecka"
2,44.71,4,4.06,"ul. Krakowskie Przedmieście 5",39,12.41,"Plac Teatralny"
3,15.98,1,1.50,"Rondo ONZ 1",8,4.95,"Muzeum Powstania Warszawskiego"
4,193.66,12,14.94,"Metro Centrum",55,40.60,"Muzeum Powstania Warszawskiego"
4,150.49,12,14.56,"Westfield Mokotów",65,71.14,"Dworzec Gdański"
2,27.44,6,4.88,"Plac Zamkowy",35,19.59,"Metro Politechnika"
1,47.60,1,3.74,"ul. Mokotowska 45",16,7.09,"Pałac Kultury"
2,41.79,2,3.58,"ul. Poznańska 12",16,8.12,"Biblioteka Uniwersytecka"
2,31.25,7,5.92,"Muzeum Powstania Warszawskiego",22,12.45,"Dworzec Centralny"
4,172.41,17,11.49,"ul. Puławska 100",66,69.52,"Łazienki Królewskie"
3,13.44,3,2.81,"Dworzec Wschodni",11,5.53,"ul. Emilii Plater 28"
3,14.48,2,0.39,"Plac Zbawiciela",8,4.63,"Metro Centrum"
3,15.64,1,2.14,"ul. Puławska 100",6,3.12,"Dworzec Centralny"
1,136.19,4,3.69,"ul. Mokotowska 45",27,10.06,"Dworzec Wschodni"
1,52.61,5,1.89,"Łazienki Królewskie",10,5.73,"Pałac Kultury"
1,100.26,4,2.87,"ul. Hoża 40",14,8.61,"Dworzec Zachodni"
1,40.37,1,1.57,"ul. Mokotowska 45",22,12.76,"Metro Centrum"
3,18.74,2,1.51,"Rondo ONZ 1",9,4.85,"Muzeum Powstania Warszawskiego"
2,37.39,7,3.60,"ul. Krakowskie Przedmieście 5",15,11.37,"Arkadia"
4,87.43,12,11.39,"Rynek Starego Miasta",76,49.36,"ul. Senatorska 10"
1,115.31,4,2.38,"Al. Jana Pawła II 22",14,5.34,"Al. Jerozolimskie 65"
3,16.58,1,0.40,"ul. Mokotowska 45",7,5.19,"ul. Świętokrzyska 30"
1,45.04,1,3.41,"Stadion Narodowy",17,11.50,"Al. Jana Pawła II 22"
3,10.08,1,2.86,"Metro Świętokrzyska",12,2.36,"Biblioteka Uniwersytecka"
4,117.53,12,8.95,"Biblioteka Uniwersytecka",62,80.97,"ul. Chmielna 15"
1,103.49,4,3.31,"Plac Zbawiciela",18,7.14,"Dworzec Gdański"
2,23.87,4,5.88,"ul. Emilii Plater 28",17,20.58,"ul. Targowa 25"
2,41.23,5,3.50,"Plac Piłsudskiego",23,17.19,"Biblioteka Uniwersytecka"
4,92.11,12,9.48,"Rynek Starego Miasta",68,48.49,"Plac Teatralny"
1,55.22,2,1.68,"Plac Teatralny",19,14.21,"Lotnisko Chopina Terminal A"
3,15.45,3,1.50,"Galeria Północna",8,3.56,"Plac Teatralny"
1,75.30,5,3.94,"ul. Grójecka 50",19,8.82,"Rondo ONZ 1"
2,40.48,5,3.54,"Metro Świętokrzyska",27,14.12,"Rynek Starego Miasta"
3,17.04,3,1.43,"Plac Zbawiciela",8,2.51,"Al. Jerozolimskie 65"
1,132.79,5,1.49,"Pałac Kultury",13,12.91,"Rynek Starego Miasta"
1,105.21,1,3.84,"Metro Młociny",18,5.48,"ul. Marszałkowska 1"
3,15.74,1,2.92,"Metro Politechnika",5,3.30,"Metro Młociny"
4,95.76,14,8.43,"ul. Marszałkowska 1",78,42.12,"Al. Jana Pawła II 22"
2,47.96,2,1.96,"ul. Nowy Świat 20",17,16.65,"Centrum Nauki Kopernik"
3,18.71,3,2.46,"ul. Wilcza 30",9,5.34,"ul. Chmielna 15"
1,42.04,3,3.27,"Metro Rondo Daszyńskiego",18,15.91,"Promenada"
1,82.50,5,1.34,"ul. Twarda 18",28,6.40,"Metro Politechnika"
1,85.67,1,1.03,"Muzeum Powstania Warszawskiego",27,5.73,"Plac Piłsudskiego"
3,17.85,3,0.59,"ul. Nowy Świat 20",5,3.64,"Metro Politechnika"
3,13.63,1,1.61,"Rondo ONZ 1",5,2.34,"Plac Zamkowy"
3,10.28,2,1.94,"ul. Mokotowska 45",7,4.58,"ul. Marszałkowska 1"
1,75.32,5,2.88,"Dworzec Zachodni",11,9.11,"Metro Centrum"
4,185.21,18,8.92,"Al. Jerozolimskie 65",78,33.09,"Rondo ONZ 1"
1,71.27,2,3.03,"Arkadia",15,11.06,"Rondo ONZ 1"
1,138.55,1,1.21,"Muzeum Powstania Warszawskiego",20,12.55,"ul. Nowy Świat 20"
3,17.94,2,1.20,"Westfield Mokotów",10,5.63,"Al. Jerozolimskie 65"
2,34.90,3,5.59,"Muzeum Powstania Warszawskiego",33,8.25,"ul. Twarda 18"
4,166.26,11,14.04,"Łazienki Królewskie",52,44.22,"Dworzec Zachodni"
2,47.55,2,2.27,"ul. Marszałkowska 1",37,12.38,"ul. Domaniewska 50"
2,38.97,6,4.03,"ul. Mokotowska 45",30,19.55,"Muzeum Powstania Warszawskiego"
1,103.16,5,2.27,"Al. Jana Pawła II 22",13,6.53,"ul. Wilcza 30"
1,142.70,4,1.01,"ul. Domaniewska 50",29,6.36,"ul. Hoża 40"
2,36.80,4,5.08,"Wilanów",30,14.67,"Metro Kabaty"
3,10.58,1,0.57,"ul. Mokotowska 45",9,4.38,"Al. Niepodległości 120"
4,101.95,15,9.08,"Stadion Narodowy",81,33.84,"Centrum Nauki Kopernik"
4,151.17,15,10.76,"Galeria Północna",55,53.27,"Blue City"
1,51.96,2,3.40,"ul. Nowy Świat 20",23,11.20,"ul. Twarda 18"
3,14.50,1,0.23,"ul. Świętokrzyska 30",5,3.51,"Westfield Mokotów"
4,117.12,11,13.33,"Metro Młociny",84,75.09,"Al. Jana Pawła II 22"
2,47.94,6,4.42,"Plac Piłsudskiego",27,11.04,"Stadion Narodowy"
3,12.67,1,1.06,"Blue City",9,4.42,"Al. Jana Pawła II 22"
1,113.46,5,2.34,"ul. Nowy Świat 20",29,14.00,"Dworzec Centralny"
4,92.46,13,14.52,"Centrum Nauki Kopernik",59,80.97,"ul. Domaniewska 50"
1,49.98,5,1.59,"ul. Hoża 40",19,6.11,"Stadion Narodowy"
2,29.44,4,3.64,"Dworzec Gdański",25,11.35,"Promenada"
2,22.56,5,3.15,"Metro Politechnika",15,8.47,"Centrum Nauki Kopernik"
2,46.90,6,4.35,"Plac Zbawiciela",35,18.04,"Wilanów"
3,16.94,2,1.89,"Metro Świętokrzyska",9,3.77,"Arkadia"
2,28.06,6,1.20,"ul. Puławska 100",21,10.69,"Dworzec Zachodni"
1,107.70,1,1.70,"Plac Zbawiciela",30,11.19,"Dworzec Gdański"
4,138.76,13,11.84,"ul. Chmielna 15",73,73.79,"Al. Niepodległości 120"
4,179.78,10,11.29,"Złote Tarasy",88,58.90,"Metro Centrum"
1,134.56,1,2.19,"Galeria Północna",14,13.72,"ul. Świętokrzyska 30"
1,72.01,2,2.35,"Blue City",20,5.30,"ul. Wilcza 30"
3,17.50,1,0.37,"Dworzec Centralny",11,5.53,"ul. Wilcza 30"
4,162.54,18,13.69,"Metro Świętokrzyska",65,76.36,"Rynek Starego Miasta"
2,44.46,6,5.05,"Metro Centrum",27,8.58,"Metro Świętokrzyska"
1,133.81,1,3.62,"Plac Zbawiciela",10,13.41,"Pałac Kultury"
2,24.44,4,4.78,"Metro Świętokrzyska",36,8.32,"Pałac Kultury"
3,14.86,2,1.80,"ul. Mokotowska 45",6,5.16,"ul. Targowa 25"
3,12.78,3,1.09,"Plac Zbawiciela",9,3.20,"Rynek Starego Miasta"
3,12.89,1,1.77,"ul. Targowa 25",10,5.68,"Lotnisko Chopina Terminal A"
1,146.76,2,3.93,"ul. Marszałkowska 1",11,6.42,"ul. Nowy Świat 20"
3,17.34,3,0.69,"ul. Chmielna 15",9,4.03,"Westfield Mokotów"
4,87.17,17,8.34,"Plac Zamkowy",88,78.21,"Muzeum Powstania Warszawskiego"
3,12.56,3,1.44,"Metro Młociny",12,5.37,"Metro Rondo Daszyńskiego"
1,73.14,3,2.02,"ul. Świętokrzyska 30",30,15.96,"ul. Grójecka 50"
1,93.67,3,3.03,"ul. Grójecka 50",14,12.36,"ul. Puławska 100"
4,132.46,15,13.90,"Pałac Kultury",55,61.27,"ul. Marszałkowska 1"
4,145.63,10,14.66,"ul. Grójecka 50",58,35.31,"Metro Kabaty"
3,16.55,2,2.17,"Plac Zamkowy",12,3.49,"Metro Politechnika"
1,88.74,4,2.51,"Blue City",25,10.68,"Wilanów"
2,40.79,6,2.02,"Dworzec Gdański",38,20.48,"Dworzec Zachodni"
3,12.79,1,1.46,"Metro Rondo Daszyńskiego",8,4.65,"ul. Puławska 100"
4,119.78,18,11.22,"Rynek Starego Miasta",85,48.08,"Al. Jerozolimskie 65"
4,82.17,12,12.00,"Westfield Mokotów",88,35.80,"ul. Grójecka 50"
4,93.05,10,10.65,"Galeria Północna",88,53.59,"Plac Piłsudskiego"
1,130.38,3,1.81,"ul. Domaniewska 50",26,6.82,"ul. Mokotowska 45"
1,96.85,3,3.44,"Galeria Północna",29,12.93,"Dworzec Wschodni"
1,91.89,4,3.44,"ul. Wilcza 30",15,10.76,"Złote Tarasy"
1,57.09,3,3.65,"Arkadia",21,13.52,"Blue City"
3,10.48,2,2.38,"Metro Kabaty",9,4.80,"Dworzec Gdański"
3,16.55,3,2.36,"Centrum Nauki Kopernik",9,2.72,"Pałac Kultury"
3,14.39,1,2.76,"Arkadia",6,2.34,"ul. Twarda 18"
1,125.74,5,1.10,"Stadion Narodowy",22,15.59,"Al. Jana Pawła II 22"
2,30.53,7,1.63,"Metro Politechnika",38,19.77,"ul. Krakowskie Przedmieście 5"
4,84.10,14,9.96,"ul. Nowy Świat 20",47,70.26,"Rondo ONZ 1"
1,47.90,5,3.93,"Al. Jerozolimskie 65",10,10.42,"Promenada"
2,37.12,7,3.06,"ul. Nowy Świat 20",39,15.07,"Al. Niepodległości 120"
4,192.10,17,12.36,"Metro Kabaty",58,74.07,"Rynek Starego Miasta"
4,156.35,15,10.87,"Al. Jana Pawła II 22",86,74.62,"ul. Hoża 40"
4,191.61,16,14.28,"Metro Świętokrzyska",60,54.09,"ul. Wilcza 30"
1,76.19,4,1.37,"Galeria Północna",27,9.58,"ul. Twarda 18"
1,149.76,2,1.27,"Pałac Kultury",25,9.13,"Al. Jerozolimskie 65"
2,34.67,6,4.10,"Al. Jerozolimskie 65",40,16.20,"ul. Nowy Świat 20"
2,39.33,3,1.88,"ul. Mokotowska 45",17,14.24,"Centrum Nauki Kopernik"
3,15.94,3,2.51,"ul. Senatorska 10",12,3.41,"Muzeum Powstania Warszawskiego"
1,138.70,5,2.96,"Plac Zbawiciela",30,15.58,"Centrum Nauki Kopernik"
1,62.49,5,1.38,"ul. Senatorska 10",30,12.29,"Biblioteka Uniwersytecka"
4,111.42,19,15.40,"ul. Świętokrzyska 30",73,68.14,"Metro Rondo Daszyńskiego"
1,113.51,2,2.32,"Rondo ONZ 1",10,15.88,"ul. Chmielna 15"
3,17.12,3,1.01,"Dworzec Wschodni",7,2.10,"ul. Emilii Plater 28"
4,188.28,16,11.42,"Al. Jerozolimskie 65",89,37.02,"Biblioteka Uniwersytecka"
1,131.06,2,2.97,"Blue City",27,11.59,"ul. Wilcza 30"
2,25.37,7,2.93,"Złote Tarasy",29,9.45,"Plac Zamkowy"
1,89.49,4,3.39,"Muzeum Powstania Warszawskiego",25,10.79,"Dworzec Wschodni"
2,49.72,6,2.22,"ul. Emilii Plater 28",19,14.70,"Stadion Narodowy"
3,14.77,2,2.46,"Plac Teatralny",7,3.85,"ul. Twarda 18"
1,126.27,5,3.28,"ul. Nowy Świat 20",30,15.86,"ul. Świętokrzyska 30"
1,122.07,1,1.45,"Metro Rondo Daszyńskiego",25,14.19,"Dworzec Wschodni"
1,132.80,2,2.47,"Promenada",27,14.43,"Rondo ONZ 1"
1,143.02,4,1.68,"Dworzec Wschodni",14,8.49,"Metro Kabaty"
4,154.91,10,12.98,"Metro Centrum",72,65.95,"ul. Świętokrzyska 30"
4,155.81,16,11.63,"Blue City",72,68.32,"Metro Młociny"
4,103.02,19,8.94,"Plac Teatralny",58,38.82,"Stadion Narodowy"
4,186.68,11,8.21,"Dworzec Zachodni",66,32.34,"Dworzec Wschodni"
4,162.37,13,11.18,"Al. Jerozolimskie 65",51,63.95,"Arkadia"
1,149.49,5,2.36,"ul. Świętokrzyska 30",13,12.93,"Galeria Północna"
4,131.64,18,9.91,"Dworzec Gdański",59,48.03,"ul. Hoża 40"
1,85.19,2,3.84,"Westfield Mokotów",22,8.51,"ul. Targowa 25"
1,84.28,4,1.91,"Centrum Nauki Kopernik",13,5.23,"ul. Wilcza 30"
1,123.78,3,1.48,"ul. Twarda 18",16,9.58,"Dworzec Gdański"
2,21.71,4,5.50,"Złote Tarasy",25,20.17,"Al. Jana Pawła II 22"
1,135.17,5,1.01,"Wilanów",13,15.16,"ul. Świętokrzyska 30"
2,42.13,4,2.03,"Złote Tarasy",40,14.10,"Al. Jana Pawła II 22"
2,29.99,5,3.17,"Promenada",16,17.63,"ul. Hoża 40"
3,10.77,2,2.66,"Dworzec Wschodni",10,3.88,"Al. Niepodległości 120"
1,55.04,1,2.89,"Stadion Narodowy",16,11.03,"Dworzec Gdański"
2,24.57,2,2.52,"Arkadia",24,12.66,"Metro Politechnika"
1,114.93,1,1.54,"Metro Młociny",13,11.85,"Biblioteka Uniwersytecka"
3,12.74,3,2.80,"ul. Nowy Świat 20",6,5.00,"ul. Grójecka 50"
1,57.62,5,1.69,"Wilanów",15,12.40,"Dworzec Zachodni"
2,25.63,3,2.16,"Metro Młociny",17,18.10,"Plac Piłsudskiego"
3,15.09,2,2.41,"Dworzec Zachodni",8,3.93,"ul. Poznańska 12"
3,11.09,2,2.92,"Al. Jana Pawła II 22",8,5.76,"Plac Zbawiciela"
1,113.34,4,2.05,"Metro Świętokrzyska",10,5.98,"ul. Wilcza 30"
3,15.88,3,2.71,"Lotnisko Chopina Terminal A",12,2.90,"Plac Zamkowy"
3,17.63,2,2.77,"Dworzec Gdański",9,2.69,"ul. Twarda 18"
4,192.23,13,9.79,"Promenada",65,49.87,"ul. Chmielna 15"
3,13.66,1,1.29,"Dworzec Wschodni",10,5.54,"Arkadia"
3,13.53,2,1.06,"Metro Politechnika",6,5.81,"Biblioteka Uniwersytecka"
2,23.14,4,4.64,"Dworzec Gdański",40,18.33,"Plac Teatralny"
3,14.53,2,0.44,"Westfield Mokotów",12,3.04,"Arkadia"
4,154.77,18,8.17,"Biblioteka Uniwersytecka",80,41.79,"ul. Emilii Plater 28"
2,29.87,7,1.39,"Dworzec Wschodni",19,11.58,"Złote Tarasy"
4,192.24,11,13.04,"Westfield Mokotów",74,35.76,"Metro Młociny"
1,131.76,4,3.47,"Metro Świętokrzyska",28,14.69,"ul. Świętokrzyska 30"
4,122.21,17,12.64,"Metro Kabaty",54,34.88,"ul. Puławska 100"
2,49.66,6,2.37,"Promenada",27,12.25,"ul. Chmielna 15"
1,69.00,3,3.70,"ul. Wilcza 30",30,8.71,"Dworzec Gdański"
3,14.29,3,0.29,"Metro Młociny",9,2.42,"Al. Jerozolimskie 65"
2,39.11,4,2.06,"Metro Rondo Daszyńskiego",21,18.30,"ul. Chmielna 15"
2,38.57,7,4.77,"ul. Krakowskie Przedmieście 5",15,17.94,"Galeria Północna"
2,50.17,7,3.78,"Metro Młociny",28,17.49,"Arkadia"
2,35.78,3,3.15,"ul. Świętokrzyska 30",15,16.45,"ul. Nowy Świat 20"
1,71.41,1,3.69,"Metro Młociny",12,9.48,"Dworzec Gdański"
2,30.15,3,3.50,"Arkadia",15,10.09,"Biblioteka Uniwersytecka"
4,86.79,16,12.28,"Stadion Narodowy",67,78.57,"Muzeum Powstania Warszawskiego"
4,146.03,15,16.00,"ul. Targowa 25",58,60.88,"ul. Świętokrzyska 30"
4,137.63,10,10.27,"Al. Jerozolimskie 65",87,75.68,"Metro Rondo Daszyńskiego"
1,113.55,5,1.26,"Dworzec Gdański",11,6.69,"ul. Mokotowska 45"
1,42.25,3,2.77,"Westfield Mokotów",18,8.27,"ul. Mokotowska 45"
2,38.22,5,4.11,"ul. Marszałkowska 1",30,15.25,"Plac Piłsudskiego"
4,161.40,12,13.75,"ul. Twarda 18",79,72.66,"ul. Chmielna 15"
2,20.96,5,3.00,"Dworzec Centralny",34,14.84,"Stadion Narodowy"
1,115.39,3,1.10,"Plac Teatralny",12,5.58,"Rynek Starego Miasta"
4,181.85,18,13.83,"ul. Domaniewska 50",72,53.48,"Dworzec Zachodni"
3,17.04,3,2.96,"ul. Senatorska 10",8,3.77,"Blue City"
4,149.15,11,10.56,"Al. Jerozolimskie 65",63,60.96,"ul. Senatorska 10"
1,87.25,1,2.63,"ul. Nowy Świat 20",16,11.98,"Arkadia"
3,10.28,1,2.47,"Plac Zamkowy",11,4.43,"Wilanów"
2,42.26,3,3.19,"ul. Mokotowska 45",16,13.76,"ul. Hoża 40"
4,136.03,19,13.46,"Metro Rondo Daszyńskiego",75,67.02,"ul. Nowy Świat 20"
2,48.40,6,2.26,"Dworzec Gdański",24,17.65,"Arkadia"
1,111.47,4,2.66,"Metro Politechnika",21,12.99,"Dworzec Wschodni"
4,193.37,16,12.21,"Łazienki Królewskie",84,77.32,"Pałac Kultury"
1,73.34,1,1.58,"Metro Politechnika",16,12.24,"Pałac Kultury"
4,99.33,17,15.54,"ul. Grójecka 50",46,74.99,"Plac Zamkowy"
4,199.78,13,12.73,"ul. Senatorska 10",64,61.77,"Plac Zbawiciela"
3,10.62,2,1.38,"ul. Mokotowska 45",12,4.65,"ul. Świętokrzyska 30"
1,138.42,1,2.82,"Arkadia",21,10.97,"ul. Nowy Świat 20"
3,16.65,2,2.59,"Arkadia",7,2.48,"ul. Senatorska 10"
1,145.93,2,1.57,"Westfield Mokotów",16,7.57,"ul. Chmielna 15"
4,186.23,19,15.66,"Al. Niepodległości 120",55,58.03,"Złote Tarasy"
1,136.56,5,1.38,"ul. Nowy Świat 20",27,7.57,"Al. Jana Pawła II 22"
1,91.73,5,2.14,"Blue City",27,15.10,"Al. Jerozolimskie 65"
3,15.66,1,1.50,"Plac Piłsudskiego",6,3.12,"Biblioteka Uniwersytecka"
4,111.68,17,13.70,"Al. Niepodległości 120",69,72.02,"Pałac Kultury"
1,109.08,4,1.15,"Plac Zamkowy",14,11.98,"Metro Rondo Daszyńskiego"
4,135.69,18,9.96,"Wilanów",62,79.50,"ul. Domaniewska 50"
4,170.66,16,11.16,"Plac Teatralny",49,79.72,"ul. Hoża 40"
2,31.55,6,5.82,"Plac Zbawiciela",29,17.43,"Metro Politechnika"
4,107.46,17,8.17,"Muzeum Powstania Warszawskiego",60,47.46,"Dworzec Gdański"
4,124.11,12,13.82,"ul. Marszałkowska 1",65,41.97,"Wilanów"
2,48.59,2,2.31,"Dworzec Zachodni",40,8.99,"Metro Politechnika"
3,13.67,3,0.01,"Metro Centrum",10,4.65,"Al. Jerozolimskie 65"
4,151.31,16,13.35,"Galeria Północna",62,61.27,"Biblioteka Uniwersytecka"
4,115.66,20,12.90,"Al. Jerozolimskie 65",80,58.59,"Plac Piłsudskiego"
1,125.78,3,3.38,"Metro Politechnika",20,9.40,"ul. Świętokrzyska 30"
1,102.88,1,2.01,"Metro Świętokrzyska",12,15.88,"ul. Domaniewska 50"
1,114.54,4,3.10,"ul. Krakowskie Przedmieście 5",18,6.28,"Metro Młociny"
3,14.25,2,0.88,"Centrum Nauki Kopernik",12,4.98,"ul. Chmielna 15"
3,14.62,3,2.48,"Centrum Nauki Kopernik",12,5.85,"ul. Puławska 100"
2,48.99,2,1.91,"Dworzec Centralny",22,10.12,"Metro Centrum"
3,11.86,2,0.39,"Al. Jana Pawła II 22",7,4.48,"Złote Tarasy"
3,12.55,3,0.08,"Dworzec Zachodni",10,5.78,"Promenada"
3,12.00,1,1.99,"Złote Tarasy",10,4.11,"Al. Jerozolimskie 65"
2,42.49,2,4.94,"Plac Teatralny",29,11.39,"Dworzec Gdański"
1,114.95,2,3.48,"Arkadia",13,9.08,"Plac Teatralny"
4,151.06,17,13.99,"ul. Grójecka 50",76,76.63,"ul. Krakowskie Przedmieście 5"
2,47.35,2,1.42,"Promenada",15,18.24,"ul. Emilii Plater 28"
2,47.61,3,3.71,"Blue City",32,12.62,"Metro Centrum"
3,18.35,2,0.99,"Centrum Nauki Kopernik",10,4.10,"Dworzec Wschodni"
1,133.74,1,2.40,"Metro Młociny",24,5.23,"ul. Krakowskie Przedmieście 5"
1,65.52,3,3.41,"Centrum Nauki Kopernik",27,8.08,"ul. Emilii Plater 28"
1,120.19,4,3.49,"Metro Młociny",17,14.94,"Łazienki Królewskie"
3,14.01,2,2.41,"Metro Świętokrzyska",11,4.08,"ul. Grójecka 50"
1,131.09,4,3.17,"ul. Hoża 40",11,10.89,"ul. Chmielna 15"
2,49.24,7,3.00,"Westfield Mokotów",27,14.98,"Wilanów"
4,80.34,19,15.89,"ul. Marszałkowska 1",90,64.83,"Al. Niepodległości 120"
2,35.40,2,1.87,"Lotnisko Chopina Terminal A",24,16.97,"Dworzec Wschodni"
2,50.34,6,2.79,"Westfield Mokotów",23,9.86,"ul. Domaniewska 50"
2,48.62,6,1.22,"Metro Centrum",18,11.04,"Galeria Północna"
1,76.43,1,2.93,"Westfield Mokotów",27,12.47,"Muzeum Powstania Warszawskiego"
4,185.32,13,10.18,"Centrum Nauki Kopernik",45,44.33,"ul. Twarda 18"
3,11.96,2,0.19,"Al. Niepodległości 120",9,3.07,"ul. Emilii Plater 28"
3,17.79,2,0.66,"Al. Jana Pawła II 22",8,4.95,"Al. Jerozolimskie 65"
1,72.19,3,1.36,"ul. Poznańska 12",15,12.09,"Blue City"
4,165.62,17,8.91,"Wilanów",76,77.45,"ul. Krakowskie Przedmieście 5"
1,49.73,3,2.92,"Łazienki Królewskie",15,7.47,"ul. Puławska 100"
2,31.99,3,4.73,"Metro Politechnika",35,13.32,"ul. Świętokrzyska 30"
3,18.08,1,2.91,"Dworzec Centralny",9,4.79,"Lotnisko Chopina Terminal A"
3,18.37,3,1.94,"Biblioteka Uniwersytecka",5,4.19,"ul. Mokotowska 45"
3,15.52,3,1.04,"Al. Niepodległości 120",6,2.24,"ul. Nowy Świat 20"
2,32.82,4,1.48,"Al. Jana Pawła II 22",18,12.31,"ul. Senatorska 10"
1,143.86,4,3.14,"Metro Politechnika",12,6.24,"ul. Twarda 18"
4,185.47,20,13.92,"ul. Targowa 25",69,71.27,"Dworzec Wschodni"
1,132.18,1,2.48,"Stadion Narodowy",18,15.41,"Dworzec Zachodni"
4,80.07,10,15.38,"Metro Świętokrzyska",47,58.96,"Al. Jerozolimskie 65"
3,13.19,1,2.86,"Metro Centrum",7,3.14,"ul. Puławska 100"
4,198.02,15,9.32,"Metro Świętokrzyska",87,62.77,"ul. Targowa 25"
1,56.54,2,2.98,"Plac Zbawiciela",10,12.15,"ul. Krakowskie Przedmieście 5"
4,174.16,12,14.50,"Al. Jerozolimskie 65",65,52.21,"Blue City"
2,23.12,6,3.89,"Muzeum Powstania Warszawskiego",28,19.99,"Metro Politechnika"
4,160.52,15,8.91,"Metro Kabaty",78,63.04,"Dworzec Zachodni"
4,198.75,17,11.75,"ul. Świętokrzyska 30",55,56.93,"ul. Marszałkowska 1"
1,111.76,1,1.80,"Galeria Północna",22,8.23,"Lotnisko Chopina Terminal A"
3,17.26,1,2.56,"ul. Świętokrzyska 30",12,3.95,"Muzeum Powstania Warszawskiego"
3,16.45,2,2.04,"Lotnisko Chopina Terminal A",7,3.34,"Metro Centrum"
4,127.24,14,11.08,"ul. Twarda 18",55,78.20,"Al. Niepodległości 120"
3,14.38,2,1.79,"Biblioteka Uniwersytecka",10,4.20,"ul. Twarda 18"
4,169.55,20,15.56,"Metro Kabaty",89,69.51,"Plac Teatralny"
3,15.72,2,2.94,"ul. Twarda 18",12,5.82,"Plac Zbawiciela"
3,17.56,3,2.50,"Centrum Nauki Kopernik",12,2.86,"Metro Centrum"
2,34.28,4,3.91,"Wilanów",31,8.90,"Dworzec Zachodni"
4,183.06,20,14.09,"Lotnisko Chopina Terminal A",56,52.17,"Al. Niepodległości 120"
2,46.20,5,5.86,"ul. Twarda 18",21,17.45,"ul. Wilcza 30"
2,28.05,3,5.57,"Biblioteka Uniwersytecka",17,9.98,"Metro Młociny"
1,65.31,4,2.15,"ul. Twarda 18",23,8.95,"ul. Domaniewska 50"
1,133.94,4,2.22,"Al. Jana Pawła II 22",14,7.68,"Westfield Mokotów"
2,22.54,3,3.96,"Dworzec Gdański",27,13.32,"Wilanów"
3,10.16,1,1.56,"Plac Piłsudskiego",12,5.31,"ul. Świętokrzyska 30"
2,49.24,4,2.25,"Rondo ONZ 1",40,13.87,"Rynek Starego Miasta"
4,184.11,19,9.43,"Dworzec Gdański",81,78.31,"ul. Senatorska 10"
3,13.54,3,2.30,"Biblioteka Uniwersytecka",5,3.23,"ul. Puławska 100"
1,50.32,2,3.29,"ul. Emilii Plater 28",16,14.38,"ul. Mokotowska 45"
1,49.60,5,2.58,"Blue City",10,15.08,"Metro Młociny"
2,34.40,3,4.65,"Blue City",19,18.35,"Plac Zbawiciela"
1,55.35,2,1.32,"Dworzec Gdański",18,15.62,"Al. Jana Pawła II 22"
1,66.90,2,1.56,"Rondo ONZ 1",10,9.38,"Al. Jana Pawła II 22"
1,125.99,3,2.58,"ul. Senatorska 10",29,6.17,"ul. Emilii Plater 28"
3,16.11,3,0.44,"Metro Rondo Daszyńskiego",7,3.80,"Metro Centrum"
2,33.32,2,3.85,"Łazienki Królewskie",38,18.06,"ul. Mokotowska 45"
4,146.95,13,9.88,"Metro Kabaty",74,72.25,"Blue City"
2,36.63,3,2.69,"ul. Senatorska 10",38,16.10,"Dworzec Zachodni"
4,189.80,13,13.31,"ul. Mokotowska 45",60,47.30,"Plac Zamkowy"
4,88.14,15,10.78,"Dworzec Wschodni",45,40.55,"ul. Krakowskie Przedmieście 5"
3,14.09,1,2.61,"ul. Wilcza 30",10,4.21,"Centrum Nauki Kopernik"
1,108.97,5,1.35,"Stadion Narodowy",25,9.41,"ul. Świętokrzyska 30"
1,109.03,3,1.86,"ul. Nowy Świat 20",21,14.52,"Biblioteka Uniwersytecka"
1,75.91,5,2.79,"Muzeum Powstania Warszawskiego",27,13.68,"Al. Niepodległości 120"
2,23.13,6,1.80,"ul. Poznańska 12",36,9.17,"Łazienki Królewskie"
1,89.30,3,2.74,"ul. Wilcza 30",21,7.77,"ul. Senatorska 10"
1,53.25,5,1.78,"Lotnisko Chopina Terminal A",18,15.86,"ul. Wilcza 30"
4,157.64,13,13.15,"Westfield Mokotów",55,77.01,"Muzeum Powstania Warszawskiego"
2,34.58,2,2.10,"ul. Wilcza 30",31,19.80,"Metro Kabaty"
1,101.43,4,3.52,"Metro Młociny",21,8.21,"Plac Piłsudskiego"
4,118.76,10,13.73,"Metro Świętokrzyska",88,74.58,"Plac Zbawiciela"
1,122.04,2,1.82,"Centrum Nauki Kopernik",13,14.37,"Metro Kabaty"
2,23.54,4,4.11,"Metro Centrum",25,18.85,"ul. Grójecka 50"
3,12.65,3,1.18,"Lotnisko Chopina Terminal A",9,3.43,"Dworzec Centralny"
1,63.69,3,2.83,"Złote Tarasy",16,11.38,"Al. Jerozolimskie 65"
4,137.35,17,11.05,"Al. Jerozolimskie 65",79,34.82,"ul. Poznańska 12"
3,18.18,2,2.72,"Metro Kabaty",8,4.52,"ul. Emilii Plater 28"
3,14.95,2,2.92,"Metro Kabaty",8,2.11,"Wilanów"
3,11.46,3,0.26,"Lotnisko Chopina Terminal A",8,3.64,"ul. Targowa 25"
1,143.48,4,3.02,"Promenada",20,11.78,"Al. Jerozolimskie 65"
3,17.93,3,2.66,"ul. Świętokrzyska 30",9,3.11,"Pałac Kultury"
2,40.37,4,3.53,"Metro Kabaty",25,10.09,"Centrum Nauki Kopernik"
2,36.81,5,4.67,"ul. Nowy Świat 20",32,11.08,"Plac Piłsudskiego"
1,78.99,4,3.27,"Muzeum Powstania Warszawskiego",10,14.10,"Plac Piłsudskiego"
4,121.75,16,13.35,"ul. Emilii Plater 28",54,33.04,"Metro Rondo Daszyńskiego"
3,13.55,1,1.20,"Metro Świętokrzyska",9,3.13,"Blue City"
1,57.87,1,3.05,"Wilanów",13,13.39,"Metro Centrum"
2,33.99,3,3.92,"Plac Zbawiciela",29,12.56,"Metro Centrum"
1,139.76,5,1.20,"Plac Piłsudskiego",28,15.46,"Wilanów"
4,118.54,17,11.24,"Westfield Mokotów",47,41.33,"Al. Jana Pawła II 22"
2,36.74,2,4.97,"Biblioteka Uniwersytecka",17,13.81,"Centrum Nauki Kopernik"
4,163.56,14,9.74,"Al. Jerozolimskie 65",83,40.12,"ul. Puławska 100"
1,90.04,4,1.66,"Metro Młociny",22,14.24,"Muzeum Powstania Warszawskiego"
4,128.23,18,14.85,"Plac Zbawiciela",58,64.82,"Metro Rondo Daszyńskiego"
2,41.43,3,2.30,"Dworzec Zachodni",27,14.89,"Dworzec Centralny"
1,51.99,5,2.62,"ul. Wilcza 30",17,8.79,"Metro Świętokrzyska"
3,11.35,3,0.37,"Dworzec Wschodni",8,3.91,"ul. Poznańska 12"
1,115.29,2,2.85,"Dworzec Centralny",15,13.28,"ul. Świętokrzyska 30"
4,113.49,11,8.87,"ul. Wilcza 30",65,79.87,"Blue City"
2,34.83,2,5.20,"Arkadia",26,14.08,"Złote Tarasy"
2,23.67,3,2.31,"Dworzec Zachodni",28,15.47,"ul. Krakowskie Przedmieście 5"
2,50.43,5,4.02,"Dworzec Gdański",20,8.52,"Metro Świętokrzyska"
1,44.91,3,3.24,"Metro Młociny",24,15.11,"Złote Tarasy"
1,85.77,1,3.33,"Łazienki Królewskie",20,9.98,"Plac Teatralny"
2,44.82,3,4.80,"ul. Krakowskie Przedmieście 5",20,16.34,"Dworzec Gdański"
1,138.11,2,3.41,"Łazienki Królewskie",20,11.26,"ul. Krakowskie Przedmieście 5"
1,150.86,2,2.88,"ul. Poznańska 12",20,9.92,"Pałac Kultury"
3,12.03,2,1.96,"Arkadia",11,2.35,"Złote Tarasy"
2,35.73,6,4.25,"Rondo ONZ 1",32,17.84,"ul. Emilii Plater 28"
4,172.48,18,9.05,"ul. Nowy Świat 20",46,32.35,"Al. Jerozolimskie 65"
4,122.80,18,13.10,"Rondo ONZ 1",76,44.65,"ul. Puławska 100"
3,17.29,3,2.77,"Blue City",6,3.07,"ul. Marszałkowska 1"
4,188.53,17,10.60,"Dworzec Centralny",66,42.55,"Al. Jerozolimskie 65"
1,128.02,3,3.21,"Metro Świętokrzyska",15,9.79,"Metro Politechnika"
2,38.36,2,2.55,"ul. Krakowskie Przedmieście 5",21,11.56,"ul. Hoża 40"
4,94.06,10,10.37,"Al. Jana Pawła II 22",85,56.13,"ul. Twarda 18"
1,52.88,1,3.42,"Promenada",27,11.79,"Galeria Północna"
1,137.31,2,1.93,"Plac Teatralny",13,6.83,"Arkadia"
4,138.79,20,11.18,"Rynek Starego Miasta",66,67.48,"Galeria Północna"
3,11.83,1,1.24,"ul. Grójecka 50",9,2.71,"Stadion Narodowy"
4,93.14,11,11.11,"Dworzec Gdański",68,68.06,"ul. Emilii Plater 28"
3,14.90,2,2.04,"Łazienki Królewskie",12,4.19,"ul. Targowa 25"
3,10.45,1,0.21,"ul. Domaniewska 50",11,5.13,"Arkadia"
2,29.52,5,5.97,"Metro Rondo Daszyńskiego",35,15.47,"Plac Teatralny"
2,41.03,2,1.87,"Stadion Narodowy",21,16.92,"ul. Grójecka 50"
2,29.82,2,4.11,"Al. Jana Pawła II 22",30,17.38,"Centrum Nauki Kopernik"
2,21.97,6,4.95,"Biblioteka Uniwersytecka",36,20.45,"Al. Jerozolimskie 65"
1,119.14,2,2.28,"Metro Centrum",19,10.74,"Rynek Starego Miasta"
2,31.20,2,1.58,"ul. Grójecka 50",31,8.96,"ul. Świętokrzyska 30"
3,15.60,1,1.81,"ul. Mokotowska 45",7,2.82,"Łazienki Królewskie"
2,34.93,5,1.18,"ul. Puławska 100",25,18.89,"Metro Rondo Daszyńskiego"
1,66.32,1,2.28,"Metro Rondo Daszyńskiego",24,14.25,"ul. Poznańska 12"
2,39.85,4,4.21,"ul. Senatorska 10",29,8.85,"Muzeum Powstania Warszawskiego"
2,36.70,5,3.48,"Galeria Północna",27,9.05,"ul. Targowa 25"
4,90.74,19,11.28,"Rynek Starego Miasta",59,73.56,"Lotnisko Chopina Terminal A"
3,15.66,3,2.27,"ul. Domaniewska 50",10,4.61,"Al. Jana Pawła II 22"
4,96.04,15,10.20,"ul. Puławska 100",90,68.58,"ul. Chmielna 15"
2,27.69,3,5.00,"ul. Mokotowska 45",35,10.71,"Plac Teatralny"
1,49.56,5,2.33,"ul. Świętokrzyska 30",15,6.54,"Biblioteka Uniwersytecka"
2,44.69,3,5.82,"Stadion Narodowy",20,18.44,"Metro Młociny"
1,55.81,1,3.71,"Metro Świętokrzyska",21,9.63,"ul. Twarda 18"
4,106.65,14,8.24,"Al. Niepodległości 120",84,35.19,"Dworzec Zachodni"
4,120.36,10,15.03,"Al. Niepodległości 120",70,77.40,"Plac Piłsudskiego"
4,92.14,18,9.51,"Dworzec Zachodni",79,30.36,"Wilanów"
1,110.35,3,2.70,"Muzeum Powstania Warszawskiego",22,10.81,"ul. Puławska 100"
1,49.98,4,3.35,"Lotnisko Chopina Terminal A",18,8.24,"ul. Wilcza 30"
3,12.05,2,1.65,"Plac Teatralny",9,5.74,"Galeria Północna"
3,13.83,3,2.88,"ul. Chmielna 15",11,4.70,"ul. Marszałkowska 1"
3,18.46,3,2.59,"ul. Hoża 40",11,3.96,"Wilanów"
3,17.21,1,0.08,"Metro Młociny",7,5.00,"Dworzec Zachodni"
3,17.80,3,2.80,"ul. Emilii Plater 28",5,4.38,"ul. Hoża 40"
4,134.73,13,9.39,"ul. Wilcza 30",68,72.11,"Dworzec Zachodni"
2,34.70,5,1.28,"Metro Politechnika",19,16.14,"ul. Świętokrzyska 30"
4,134.07,14,11.87,"ul. Puławska 100",83,31.04,"Dworzec Wschodni"
4,185.01,16,13.62,"ul. Nowy Świat 20",89,70.15,"Metro Centrum"
4,100.64,16,11.96,"ul. Targowa 25",54,60.40,"Rynek Starego Miasta"
1,150.08,1,3.37,"Dworzec Centralny",17,9.23,"Wilanów"
4,194.79,14,15.04,"Rondo ONZ 1",78,71.96,"Lotnisko Chopina Terminal A"
3,10.26,1,0.57,"ul. Poznańska 12",11,2.42,"Metro Młociny"
2,37.18,5,4.86,"Dworzec Wschodni",19,20.34,"Dworzec Gdański"
3,12.92,1,1.80,"ul. Wilcza 30",12,2.93,"Promenada"
1,127.66,1,1.90,"Al. Jerozolimskie 65",28,6.25,"ul. Wilcza 30"
4,200.62,16,8.13,"ul. Twarda 18",81,33.11,"Lotnisko Chopina Terminal A"
2,43.06,7,3.96,"Al. Jerozolimskie 65",18,11.30,"Lotnisko Chopina Terminal A"
1,89.98,3,3.14,"ul. Emilii Plater 28",28,14.14,"Al. Niepodległości 120"
4,161.42,16,15.65,"ul. Krakowskie Przedmieście 5",66,42.87,"Metro Rondo Daszyńskiego"
4,135.42,11,11.34,"Wilanów",51,76.30,"ul. Krakowskie Przedmieście 5"
4,117.89,14,12.25,"ul. Domaniewska 50",72,42.47,"Złote Tarasy"
4,168.99,12,12.36,"Metro Kabaty",63,40.48,"Plac Zamkowy"
4,102.43,10,10.98,"ul. Świętokrzyska 30",90,65.80,"Muzeum Powstania Warszawskiego"
3,12.99,1,1.45,"ul. Marszałkowska 1",9,3.03,"Muzeum Powstania Warszawskiego"
1,89.16,4,3.61,"Metro Rondo Daszyńskiego",10,11.64,"Blue City"
2,46.15,7,2.30,"Metro Kabaty",19,19.42,"Muzeum Powstania Warszawskiego"
4,186.49,16,10.52,"Metro Rondo Daszyńskiego",59,60.87,"ul. Mokotowska 45"
3,14.53,3,1.14,"ul. Targowa 25",9,3.99,"Dworzec Centralny"
3,16.95,2,1.18,"ul. Poznańska 12",6,5.40,"Metro Młociny"
3,12.03,2,1.66,"Pałac Kultury",12,3.77,"Plac Zamkowy"
3,10.52,3,0.55,"Plac Teatralny",6,4.46,"Westfield Mokotów"
2,22.49,5,3.49,"ul. Krakowskie Przedmieście 5",28,17.95,"Metro Centrum"
3,13.91,3,2.71,"Metro Politechnika",12,5.38,"Dworzec Wschodni"
1,115.87,1,2.02,"ul. Świętokrzyska 30",21,5.89,"ul. Targowa 25"
2,38.41,5,1.35,"Muzeum Powstania Warszawskiego",35,18.46,"Plac Piłsudskiego"
4,143.64,18,8.10,"ul. Targowa 25",47,49.44,"Blue City"
4,131.39,15,14.10,"Rynek Starego Miasta",85,64.96,"ul. Twarda 18"
2,44.43,4,3.93,"Galeria Północna",28,9.01,"ul. Emilii Plater 28"
3,14.09,1,1.93,"Galeria Północna",6,3.69,"Łazienki Królewskie"
1,70.61,2,1.26,"ul. Poznańska 12",24,9.11,"Plac Teatralny"
2,47.19,4,2.08,"Muzeum Powstania Warszawskiego",15,8.78,"Westfield Mokotów"
3,16.55,2,1.50,"ul. Grójecka 50",9,2.91,"ul. Świętokrzyska 30"
2,27.90,5,4.94,"ul. Mokotowska 45",27,8.79,"Blue City"
4,137.69,16,8.29,"Centrum Nauki Kopernik",81,40.76,"Plac Zbawiciela"
2,24.09,2,2.67,"ul. Emilii Plater 28",32,17.71,"Metro Świętokrzyska"
1,53.21,2,2.16,"ul. Domaniewska 50",23,5.48,"Metro Rondo Daszyńskiego"
4,179.47,19,9.08,"Rynek Starego Miasta",83,68.65,"ul. Świętokrzyska 30"
1,138.03,5,2.44,"ul. Chmielna 15",19,7.23,"ul. Poznańska 12"
4,118.77,17,10.31,"Metro Młociny",86,65.64,"ul. Twarda 18"
1,81.04,4,3.88,"Rynek Starego Miasta",24,8.91,"ul. Marszałkowska 1"
1,70.47,3,2.88,"Dworzec Centralny",28,14.49,"Westfield Mokotów"
1,142.36,3,3.50,"Centrum Nauki Kopernik",10,13.82,"ul. Twarda 18"
2,31.42,5,4.02,"ul. Hoża 40",29,12.26,"Plac Piłsudskiego"
3,17.13,2,0.01,"Łazienki Królewskie",11,4.17,"Dworzec Zachodni"
3,17.80,2,1.93,"ul. Mokotowska 45",10,4.81,"ul. Hoża 40"
2,30.97,3,5.23,"Al. Jana Pawła II 22",35,16.95,"Plac Teatralny"
3,11.91,2,0.81,"Al. Jerozolimskie 65",11,4.74,"Dworzec Gdański"
1,53.99,1,2.11,"Arkadia",11,12.65,"ul. Twarda 18"
4,152.28,17,10.87,"ul. Chmielna 15",70,48.79,"Dworzec Centralny"
4,200.74,14,10.36,"ul. Senatorska 10",75,50.56,"Stadion Narodowy"
1,84.30,4,1.72,"Centrum Nauki Kopernik",13,15.13,"Dworzec Zachodni"
4,166.25,12,12.63,"Dworzec Centralny",87,40.13,"Metro Młociny"
1,96.29,5,3.45,"Westfield Mokotów",24,13.01,"Rondo ONZ 1"
3,13.05,3,2.13,"Plac Zamkowy",9,3.76,"Metro Kabaty"
2,50.11,2,5.69,"Metro Politechnika",27,12.54,"Rondo ONZ 1"
1,69.06,5,1.45,"Metro Politechnika",20,15.27,"Dworzec Zachodni"
3,10.34,3,1.79,"Stadion Narodowy",7,3.80,"Al. Jana Pawła II 22"
4,134.26,16,8.37,"Metro Politechnika",65,35.67,"ul. Krakowskie Przedmieście 5"
2,35.30,7,5.81,"ul. Marszałkowska 1",28,8.92,"ul. Wilcza 30"
1,108.86,4,2.18,"Dworzec Gdański",15,11.80,"ul. Senatorska 10"
2,21.33,5,2.66,"Plac Zamkowy",15,16.06,"ul. Poznańska 12"
4,120.19,17,15.16,"Dworzec Wschodni",84,70.04,"Plac Teatralny"
4,171.10,13,12.40,"ul. Emilii Plater 28",47,73.92,"ul. Hoża 40"
2,43.11,3,4.23,"Promenada",30,12.36,"ul. Poznańska 12"
3,13.76,2,2.12,"Al. Jerozolimskie 65",10,5.17,"Stadion Narodowy"
4,84.49,11,9.64,"Stadion Narodowy",78,76.36,"Dworzec Wschodni"
3,18.08,3,0.30,"ul. Mokotowska 45",12,4.11,"Galeria Północna"
4,164.98,18,13.91,"Al. Jana Pawła II 22",62,32.47,"Metro Politechnika"
2,34.28,5,4.31,"Metro Świętokrzyska",15,15.05,"ul. Emilii Plater 28"
1,71.31,3,2.65,"Arkadia",22,15.40,"Promenada"
4,150.95,12,11.27,"Al. Jana Pawła II 22",82,32.70,"ul. Krakowskie Przedmieście 5"
4,84.67,19,9.05,"Łazienki Królewskie",84,56.60,"Plac Zamkowy"
4,108.67,12,15.28,"Rynek Starego Miasta",52,66.54,"Metro Kabaty"
2,25.75,5,5.55,"ul. Twarda 18",35,9.38,"Plac Zbawiciela"
3,17.09,3,0.13,"Rynek Starego Miasta",11,5.06,"Plac Zamkowy"
3,12.96,3,0.02,"Plac Zbawiciela",6,5.75,"Lotnisko Chopina Terminal A"
4,136.51,11,8.91,"Muzeum Powstania Warszawskiego",86,51.05,"Dworzec Wschodni"
3,18.85,3,2.89,"ul. Senatorska 10",11,5.19,"Złote Tarasy"
3,10.14,3,2.33,"ul. Nowy Świat 20",5,2.18,"Metro Kabaty"
4,125.24,13,10.61,"ul. Wilcza 30",70,50.72,"ul. Poznańska 12"
3,10.81,3,1.88,"Złote Tarasy",11,3.38,"ul. Krakowskie Przedmieście 5"
1,86.58,5,2.62,"ul. Krakowskie Przedmieście 5",15,15.58,"ul. Grójecka 50"
2,48.55,7,2.23,"Metro Świętokrzyska",20,16.67,"Plac Teatralny"
3,14.67,2,0.61,"ul. Nowy Świat 20",5,3.78,"Wilanów"
3,12.12,2,2.26,"Metro Młociny",10,2.89,"Dworzec Zachodni"
3,10.32,2,0.83,"ul. Hoża 40",9,4.97,"Rynek Starego Miasta"
4,128.74,15,10.02,"Metro Centrum",52,51.83,"Łazienki Królewskie"
2,20.29,2,2.79,"Promenada",38,18.72,"ul. Twarda 18"
4,113.05,14,13.12,"Metro Kabaty",55,59.22,"Dworzec Centralny"
1,113.55,3,2.18,"Al. Niepodległości 120",22,10.60,"Galeria Północna"
3,14.97,3,0.40,"Metro Młociny",8,3.05,"Łazienki Królewskie"
4,136.55,13,14.55,"Muzeum Powstania Warszawskiego",68,76.35,"Plac Zbawiciela"
4,174.33,16,11.77,"ul. Senatorska 10",63,50.12,"Złote Tarasy"
4,87.48,13,13.94,"Plac Piłsudskiego",47,56.38,"ul. Grójecka 50"
2,47.20,3,2.72,"ul. Targowa 25",36,15.06,"ul. Poznańska 12"
1,52.98,4,2.68,"Westfield Mokotów",21,9.80,"Lotnisko Chopina Terminal A"
3,16.23,3,0.70,"Plac Teatralny",7,5.41,"Promenada"
3,11.96,2,0.75,"Pałac Kultury",12,5.41,"Muzeum Powstania Warszawskiego"
2,45.79,2,3.99,"ul. Targowa 25",21,15.05,"ul. Poznańska 12"
4,133.39,13,13.03,"Metro Młociny",89,30.39,"ul. Świętokrzyska 30"
4,101.52,11,9.21,"Blue City",84,72.39,"Złote Tarasy"
3,10.85,2,1.95,"ul. Poznańska 12",10,5.47,"Westfield Mokotów"
4,147.27,17,15.28,"Metro Świętokrzyska",80,56.56,"Rynek Starego Miasta"
2,31.95,6,5.76,"Galeria Północna",30,15.23,"ul. Świętokrzyska 30"
1,116.20,3,1.04,"ul. Emilii Plater 28",13,11.81,"ul. Hoża 40"
3,10.39,1,2.22,"Lotnisko Chopina Terminal A",6,5.03,"Arkadia"
2,24.94,5,5.81,"ul. Marszałkowska 1",35,17.49,"Plac Zamkowy"
4,139.52,16,8.06,"ul. Chmielna 15",61,72.31,"Biblioteka Uniwersytecka"
4,183.47,12,10.61,"Metro Rondo Daszyńskiego",70,39.91,"Łazienki Królewskie"
1,130.52,3,1.73,"ul. Mokotowska 45",23,7.70,"Plac Zbawiciela"
1,92.16,4,2.71,"Biblioteka Uniwersytecka",29,13.71,"Wilanów"
3,12.80,1,2.32,"Metro Kabaty",5,3.24,"Westfield Mokotów"
4,134.90,12,14.70,"Al. Niepodległości 120",53,74.11,"Pałac Kultury"
1,89.16,4,1.15,"ul. Puławska 100",10,12.42,"ul. Świętokrzyska 30"
2,46.29,6,3.47,"Stadion Narodowy",32,20.49,"ul. Wilcza 30"
4,99.00,20,11.29,"Plac Piłsudskiego",70,69.25,"Plac Teatralny"
2,40.09,5,5.46,"ul. Puławska 100",29,15.56,"ul. Świętokrzyska 30"
3,11.67,3,1.91,"Plac Zbawiciela",5,2.05,"Arkadia"
3,15.94,1,2.06,"Dworzec Gdański",6,2.94,"Plac Teatralny"
3,11.01,1,2.84,"Plac Zbawiciela",9,2.63,"Lotnisko Chopina Terminal A"
1,122.77,4,3.19,"ul. Targowa 25",30,12.66,"ul. Puławska 100"
1,109.24,3,2.81,"Metro Rondo Daszyńskiego",17,7.37,"ul. Domaniewska 50"
1,126.38,1,2.23,"Stadion Narodowy",27,14.13,"Centrum Nauki Kopernik"
4,134.78,16,8.86,"Rondo ONZ 1",45,49.32,"Galeria Północna"
3,15.91,2,1.54,"Dworzec Gdański",6,5.00,"ul. Mokotowska 45"
4,101.16,18,14.87,"ul. Grójecka 50",59,39.84,"Plac Zbawiciela"
3,14.70,3,1.92,"Rynek Starego Miasta",12,2.18,"ul. Chmielna 15"
1,89.40,4,3.02,"Dworzec Zachodni",18,10.63,"Al. Jerozolimskie 65"
2,21.02,5,5.66,"Plac Zamkowy",17,17.99,"Promenada"
4,130.94,18,9.87,"Rondo ONZ 1",75,72.14,"Stadion Narodowy"
2,48.92,7,1.19,"Galeria Północna",30,18.58,"Arkadia"
4,89.07,13,8.14,"Dworzec Gdański",75,49.08,"Muzeum Powstania Warszawskiego"
2,35.98,7,2.88,"ul. Marszałkowska 1",24,12.77,"ul. Poznańska 12"
4,86.01,16,9.12,"Centrum Nauki Kopernik",78,52.37,"ul. Nowy Świat 20"
1,120.05,4,1.10,"Promenada",15,14.77,"ul. Twarda 18"
1,53.46,4,3.53,"Metro Politechnika",24,8.34,"ul. Chmielna 15"
4,126.32,16,8.12,"Metro Rondo Daszyńskiego",58,42.50,"ul. Krakowskie Przedmieście 5"
2,27.72,4,2.77,"Metro Centrum",29,12.86,"Pałac Kultury"
1,66.85,5,3.14,"Rynek Starego Miasta",27,7.11,"ul. Emilii Plater 28"
2,41.30,7,2.57,"Metro Młociny",25,10.16,"ul. Hoża 40"
1,72.01,3,3.76,"Plac Zbawiciela",28,14.14,"Plac Zamkowy"
4,175.79,15,10.23,"ul. Krakowskie Przedmieście 5",70,65.51,"ul. Chmielna 15"
1,99.05,3,1.53,"Metro Politechnika",20,5.33,"Rondo ONZ 1"
3,10.17,1,0.81,"Metro Rondo Daszyńskiego",10,2.60,"Westfield Mokotów"
1,114.15,5,3.25,"ul. Hoża 40",16,13.86,"ul. Puławska 100"
1,111.76,4,2.15,"ul. Poznańska 12",18,8.09,"Al. Jerozolimskie 65"
1,53.01,4,3.54,"Muzeum Powstania Warszawskiego",30,9.85,"Metro Świętokrzyska"
4,160.42,18,14.99,"Dworzec Zachodni",69,54.64,"Plac Zbawiciela"
2,46.81,4,1.79,"Złote Tarasy",33,9.35,"Dworzec Centralny"
4,170.22,13,12.93,"Biblioteka Uniwersytecka",62,67.61,"ul. Świętokrzyska 30"
1,41.45,5,2.30,"Dworzec Wschodni",13,10.58,"Westfield Mokotów"
4,116.00,10,10.37,"Stadion Narodowy",49,31.26,"Blue City"
1,145.80,2,1.79,"ul. Hoża 40",21,9.20,"Dworzec Gdański"
1,127.07,5,1.95,"ul. Puławska 100",19,9.10,"ul. Chmielna 15"
2,28.75,5,1.45,"Plac Zbawiciela",32,19.15,"Promenada"
1,105.48,2,2.22,"Muzeum Powstania Warszawskiego",11,5.54,"ul. Chmielna 15"
3,11.55,3,1.34,"ul. Domaniewska 50",10,3.46,"Arkadia"
4,129.33,20,12.98,"Wilanów",79,48.56,"Rondo ONZ 1"
2,27.99,2,4.47,"Rondo ONZ 1",18,11.10,"Promenada"
4,172.35,20,14.53,"Metro Rondo Daszyńskiego",62,58.15,"Metro Politechnika"
1,58.64,2,3.20,"Westfield Mokotów",28,10.05,"Plac Zamkowy"
1,147.59,3,3.11,"ul. Emilii Plater 28",20,14.65,"Metro Rondo Daszyńskiego"
4,98.95,20,11.41,"ul. Hoża 40",89,78.88,"Westfield Mokotów"
3,11.66,3,1.60,"Dworzec Gdański",5,5.62,"Metro Rondo Daszyńskiego"
3,17.24,1,1.01,"ul. Krakowskie Przedmieście 5",5,4.89,"ul. Targowa 25"
2,39.19,4,5.84,"Blue City",28,8.87,"Metro Politechnika"
3,14.16,1,2.01,"Centrum Nauki Kopernik",11,2.50,"ul. Nowy Świat 20"
1,139.58,2,2.44,"Metro Świętokrzyska",17,8.24,"ul. Domaniewska 50"
1,87.33,1,3.13,"Wilanów",14,12.70,"Plac Zbawiciela"
2,34.17,3,5.78,"Wilanów",39,20.43,"Metro Młociny"
4,144.32,11,10.44,"Rondo ONZ 1",81,61.05,"Metro Politechnika"
1,50.25,1,3.92,"Plac Zamkowy",22,13.33,"Al. Jerozolimskie 65"
2,43.39,3,3.84,"Pałac Kultury",23,12.38,"ul. Świętokrzyska 30"
1,69.01,2,2.37,"ul. Krakowskie Przedmieście 5",19,12.98,"Plac Zamkowy"
1,92.50,5,1.12,"Pałac Kultury",22,6.47,"Galeria Północna"
4,154.32,16,11.92,"ul. Mokotowska 45",71,64.71,"Al. Jana Pawła II 22"
2,50.99,5,4.65,"Dworzec Centralny",20,16.44,"ul. Hoża 40"
2,24.64,2,2.61,"Plac Zbawiciela",20,14.37,"Metro Młociny"
2,27.94,2,3.87,"Dworzec Gdański",16,16.58,"Łazienki Królewskie"
4,188.23,16,11.96,"ul. Twarda 18",84,70.58,"Pałac Kultury"
4,93.97,14,10.49,"ul. Poznańska 12",49,72.01,"Al. Jerozolimskie 65"
3,18.96,3,0.09,"Galeria Północna",6,2.29,"Dworzec Wschodni"
2,26.50,7,4.62,"Wilanów",19,19.71,"Metro Centrum"
4,166.84,15,9.40,"ul. Targowa 25",51,51.07,"Złote Tarasy"
4,147.50,13,12.62,"Westfield Mokotów",50,31.65,"Metro Rondo Daszyńskiego"
1,124.26,3,2.59,"Metro Rondo Daszyńskiego",25,8.50,"ul. Hoża 40"
1,76.42,4,2.48,"Złote Tarasy",19,5.10,"ul. Wilcza 30"
2,34.46,2,3.38,"ul. Nowy Świat 20",24,10.65,"Metro Rondo Daszyńskiego"
1,62.99,5,3.46,"Dworzec Centralny",22,6.48,"Dworzec Gdański"
1,68.24,1,3.58,"Metro Politechnika",13,15.52,"ul. Mokotowska 45"
1,59.62,1,1.26,"ul. Targowa 25",12,15.71,"Lotnisko Chopina Terminal A"
3,16.56,1,0.99,"Złote Tarasy",11,4.40,"Al. Jana Pawła II 22"
1,46.51,5,3.32,"ul. Domaniewska 50",29,10.04,"Lotnisko Chopina Terminal A"
2,29.34,4,2.39,"Metro Kabaty",25,8.16,"Dworzec Gdański"
2,44.19,2,4.29,"ul. Twarda 18",33,15.11,"Łazienki Królewskie"
2,40.56,3,4.91,"Blue City",17,18.53,"ul. Twarda 18"
3,10.31,2,1.23,"Biblioteka Uniwersytecka",5,4.79,"ul. Mokotowska 45"
4,115.08,14,14.20,"Arkadia",60,51.48,"Dworzec Wschodni"
1,135.02,3,2.11,"ul. Senatorska 10",18,9.86,"ul. Chmielna 15"
1,79.99,2,1.57,"ul. Nowy Świat 20",17,13.43,"ul. Twarda 18"
1,102.79,5,1.43,"Metro Kabaty",12,13.19,"Metro Młociny"
1,80.67,2,2.19,"Al. Niepodległości 120",15,5.54,"ul. Emilii Plater 28"
4,103.64,18,10.93,"ul. Twarda 18",47,80.89,"Muzeum Powstania Warszawskiego"
4,128.11,11,13.90,"Lotnisko Chopina Terminal A",75,70.30,"Stadion Narodowy"
3,13.54,3,0.95,"Centrum Nauki Kopernik",11,4.97,"ul. Hoża 40"
1,87.83,3,1.21,"ul. Senatorska 10",25,8.32,"ul. Poznańska 12"
1,130.97,1,3.46,"Wilanów",10,10.38,"Rynek Starego Miasta"
4,194.78,20,11.24,"Plac Teatralny",90,31.03,"Metro Młociny"
3,11.94,2,1.95,"Złote Tarasy",10,4.42,"ul. Grójecka 50"
1,51.23,3,2.45,"Rynek Starego Miasta",21,14.99,"Lotnisko Chopina Terminal A"
1,124.29,4,1.42,"ul. Świętokrzyska 30",21,7.95,"Metro Rondo Daszyńskiego"
2,29.69,4,3.85,"ul. Senatorska 10",40,12.58,"ul. Domaniewska 50"
1,102.15,4,1.75,"Dworzec Centralny",22,11.61,"Plac Piłsudskiego"
4,98.18,20,10.82,"Dworzec Centralny",78,31.78,"ul. Krakowskie Przedmieście 5"
3,14.03,1,2.78,"ul. Chmielna 15",11,3.02,"ul. Senatorska 10"
2,39.55,4,3.69,"Dworzec Gdański",35,9.30,"Centrum Nauki Kopernik"
3,16.70,1,1.56,"Łazienki Królewskie",8,5.49,"ul. Nowy Świat 20"
1,124.19,2,3.20,"ul. Hoża 40",23,6.70,"ul. Senatorska 10"
4,124.19,17,13.81,"Biblioteka Uniwersytecka",56,56.96,"Muzeum Powstania Warszawskiego"
1,111.81,5,1.31,"Plac Zbawiciela",24,12.00,"Centrum Nauki Kopernik"
1,71.08,1,2.10,"Łazienki Królewskie",18,12.23,"Biblioteka Uniwersytecka"
4,86.25,12,9.92,"Blue City",70,35.11,"Złote Tarasy"
1,66.54,4,1.68,"ul. Krakowskie Przedmieście 5",29,7.56,"ul. Domaniewska 50"
4,182.70,15,13.22,"Al. Jerozolimskie 65",59,56.33,"Promenada"
1,57.37,1,1.58,"ul. Wilcza 30",19,8.67,"Lotnisko Chopina Terminal A"
2,39.18,2,5.71,"Dworzec Centralny",38,13.36,"Stadion Narodowy"
2,33.08,3,2.98,"ul. Domaniewska 50",27,14.49,"Metro Centrum"
1,51.95,5,2.30,"Pałac Kultury",11,7.21,"ul. Hoża 40"
2,27.59,5,2.74,"Promenada",31,14.80,"Metro Politechnika"
4,170.22,18,10.48,"ul. Mokotowska 45",69,79.68,"Metro Centrum"
1,72.95,4,3.99,"Rynek Starego Miasta",22,7.57,"Plac Piłsudskiego"
1,134.52,2,2.60,"Muzeum Powstania Warszawskiego",13,8.35,"Metro Młociny"
4,192.94,18,12.55,"Wilanów",82,63.40,"ul. Chmielna 15"
1,113.50,3,2.62,"Pałac Kultury",15,15.18,"ul. Senatorska 10"
2,41.19,5,1.64,"ul. Chmielna 15",39,14.84,"Biblioteka Uniwersytecka"
4,148.04,15,10.35,"Centrum Nauki Kopernik",55,37.02,"ul. Twarda 18"
1,149.04,5,2.98,"ul. Świętokrzyska 30",16,10.94,"Lotnisko Chopina Terminal A"
3,11.36,2,1.70,"ul. Świętokrzyska 30",10,2.36,"Pałac Kultury"
3,13.05,1,0.39,"ul. Wilcza 30",7,2.86,"Pałac Kultury"
4,181.01,18,9.83,"Al. Jana Pawła II 22",48,72.86,"Galeria Północna"
1,44.11,2,2.04,"Lotnisko Chopina Terminal A",21,15.21,"Dworzec Centralny"
2,30.46,2,1.87,"Centrum Nauki Kopernik",40,9.29,"ul. Nowy Świat 20"
4,123.62,11,8.17,"ul. Puławska 100",56,42.93,"Złote Tarasy"
1,116.20,5,2.48,"Al. Niepodległości 120",23,11.59,"ul. Grójecka 50"
1,143.86,1,2.46,"Galeria Północna",20,9.58,"Metro Kabaty"
4,165.07,18,13.73,"Pałac Kultury",54,64.20,"Plac Piłsudskiego"
4,88.14,15,10.14,"Centrum Nauki Kopernik",88,47.69,"ul. Krakowskie Przedmieście 5"
3,14.50,2,1.59,"ul. Twarda 18",12,2.83,"Galeria Północna"
1,48.25,1,2.20,"Dworzec Wschodni",27,6.91,"Metro Świętokrzyska"
2,32.28,3,2.17,"Al. Niepodległości 120",22,13.37,"Dworzec Centralny"
4,178.69,10,9.03,"Galeria Północna",80,66.00,"Dworzec Wschodni"
1,115.67,2,2.97,"Metro Centrum",10,12.69,"ul. Grójecka 50"
1,90.92,3,2.71,"Biblioteka Uniwersytecka",25,6.20,"Rondo ONZ 1"
2,48.05,2,4.21,"Metro Kabaty",18,14.08,"Wilanów"
3,11.63,1,1.87,"Centrum Nauki Kopernik",11,2.66,"ul. Marszałkowska 1"
1,142.92,5,3.00,"ul. Wilcza 30",18,6.22,"ul. Twarda 18"
2,45.90,2,1.26,"Al. Jana Pawła II 22",34,13.12,"Biblioteka Uniwersytecka"
4,177.15,11,15.63,"Arkadia",88,41.13,"Blue City"
4,156.72,16,12.71,"Wilanów",80,79.61,"Al. Niepodległości 120"
1,94.04,2,3.68,"Lotnisko Chopina Terminal A",19,11.60,"Arkadia"
2,42.03,2,5.14,"Promenada",20,20.81,"Plac Piłsudskiego"
4,181.70,17,8.14,"ul. Hoża 40",78,51.36,"ul. Twarda 18"
1,144.71,1,2.56,"Rynek Starego Miasta",23,6.77,"Muzeum Powstania Warszawskiego"
1,138.14,3,3.78,"ul. Mokotowska 45",23,15.35,"Stadion Narodowy"
1,146.42,2,1.83,"Al. Jerozolimskie 65",22,8.66,"Plac Zbawiciela"
1,100.31,4,3.89,"Wilanów",17,15.78,"Arkadia"
2,26.06,4,5.52,"Dworzec Gdański",19,8.11,"ul. Puławska 100"
1,42.35,3,3.13,"Dworzec Gdański",17,14.15,"ul. Wilcza 30"
3,13.35,3,0.07,"ul. Grójecka 50",7,5.32,"Arkadia"
2,49.47,5,4.83,"Metro Politechnika",30,13.55,"Blue City"
1,60.08,4,2.03,"Lotnisko Chopina Terminal A",16,7.14,"Łazienki Królewskie"
2,47.98,4,1.16,"Dworzec Zachodni",22,10.87,"Rynek Starego Miasta"
1,68.99,2,2.87,"ul. Twarda 18",18,10.36,"Muzeum Powstania Warszawskiego"
4,159.39,15,11.98,"Westfield Mokotów",45,72.89,"Rynek Starego Miasta"
2,35.50,5,2.80,"Blue City",37,10.63,"Lotnisko Chopina Terminal A"
1,139.65,1,1.83,"ul. Świętokrzyska 30",25,7.81,"Dworzec Gdański"
4,88.86,12,13.20,"Metro Młociny",69,39.09,"ul. Krakowskie Przedmieście 5"
4,170.68,11,15.72,"ul. Twarda 18",64,34.63,"Muzeum Powstania Warszawskiego"
2,23.73,2,5.70,"ul. Targowa 25",40,19.37,"ul. Świętokrzyska 30"
2,27.59,4,2.04,"Blue City",31,15.26,"ul. Nowy Świat 20"
2,44.85,2,4.58,"Promenada",27,14.27,"ul. Mokotowska 45"
4,188.24,20,10.48,"Blue City",72,65.07,"ul. Wilcza 30"
4,190.16,20,12.09,"Metro Centrum",73,46.27,"Wilanów"
1,124.09,5,1.43,"Galeria Północna",10,11.03,"Pałac Kultury"
3,10.22,2,0.53,"ul. Emilii Plater 28",8,4.60,"Łazienki Królewskie"
3,11.11,2,2.76,"Metro Rondo Daszyńskiego",12,3.65,"ul. Mokotowska 45"
3,15.42,3,2.36,"ul. Domaniewska 50",10,5.52,"Blue City"
1,76.48,4,1.08,"Muzeum Powstania Warszawskiego",28,13.30,"Rondo ONZ 1"
2,47.64,6,2.60,"Dworzec Wschodni",33,9.46,"Lotnisko Chopina Terminal A"
3,15.04,3,2.99,"Promenada",5,4.40,"ul. Świętokrzyska 30"
2,45.61,3,1.60,"Metro Kabaty",37,17.01,"Metro Politechnika"
1,144.58,3,2.69,"Pałac Kultury",30,10.16,"Lotnisko Chopina Terminal A"
2,28.57,7,5.52,"Lotnisko Chopina Terminal A",17,8.67,"Dworzec Zachodni"
3,11.29,3,1.14,"Dworzec Centralny",11,4.50,"Al. Jana Pawła II 22"
2,44.36,7,1.21,"Al. Jana Pawła II 22",15,10.16,"ul. Świętokrzyska 30"
1,90.29,5,3.04,"Centrum Nauki Kopernik",18,10.87,"Wilanów"
4,165.26,16,8.27,"Metro Świętokrzyska",86,59.75,"ul. Marszałkowska 1"
4,133.45,10,13.87,"Plac Zbawiciela",83,80.70,"Metro Politechnika"
3,16.87,2,2.91,"Dworzec Zachodni",12,4.55,"ul. Chmielna 15"
1,79.66,2,1.32,"Pałac Kultury",24,6.51,"Biblioteka Uniwersytecka"
1,136.30,2,2.22,"ul. Wilcza 30",12,5.69,"ul. Domaniewska 50"
1,83.41,5,2.85,"ul. Senatorska 10",24,10.20,"Łazienki Królewskie"
1,95.05,1,3.48,"ul. Domaniewska 50",15,10.08,"Plac Zamkowy"
2,46.04,4,2.39,"Plac Zbawiciela",17,12.84,"Blue City"
1,148.45,2,1.90,"Dworzec Gdański",24,13.13,"Złote Tarasy"
3,15.08,3,0.61,"Metro Rondo Daszyńskiego",11,5.86,"Stadion Narodowy"
4,145.41,11,13.65,"ul. Chmielna 15",86,45.01,"ul. Świętokrzyska 30"
2,47.10,4,4.30,"Al. Jana Pawła II 22",19,10.71,"Rynek Starego Miasta"
4,113.68,11,14.44,"ul. Wilcza 30",61,42.64,"ul. Hoża 40"
2,22.03,5,2.40,"Metro Młociny",29,19.96,"ul. Świętokrzyska 30"
3,11.49,2,0.32,"Dworzec Zachodni",5,4.40,"Promenada"
1,46.68,4,3.83,"ul. Mokotowska 45",18,11.24,"ul. Chmielna 15"
3,12.11,3,0.22,"Plac Piłsudskiego",7,3.70,"Promenada"
1,61.47,3,2.61,"ul. Domaniewska 50",17,6.86,"Plac Teatralny"
2,26.39,4,3.83,"Plac Zbawiciela",36,10.40,"Łazienki Królewskie"
4,102.30,19,12.14,"Al. Niepodległości 120",79,55.11,"Dworzec Wschodni"
